1, 9.4719
2, 15.4126
3, 7.9462
4, 7.98
5, 15.7254
6, 8.6077
7, 8.6052
8, 7.9203
9, 8.347
10, 9.5882
11, 12.739
12, 17.2333
13, 9.0028
14, 9.1252
15, 9.6798
16, 9.0226
17, 11.9537
18, 13.5632
19, 8.8251
20, 8.8286
21, 8.8623
22, 9.5036
23, 9.3598
24, 8.9365
25, 8.9921
26, 9.0072
27, 9.1787
28, 9.0113
29, 9.2626
30, 9.6391
31, 9.4963
32, 9.5016
33, 9.649
34, 9.3896
35, 9.9871
36, 10.0413
37, 10.1952
38, 10.1359
39, 10.0939
40, 10.394
41, 26.3356
42, 22.1419
43, 32.9579
44, 10.1517
45, 10.3298
46, 9.7885
47, 9.8995
48, 9.7093
49, 9.6556
50, 9.7018
51, 9.6647
52, 9.6533
53, 9.6824
54, 9.6695
55, 11.0129
56, 9.9694
57, 11.0438
58, 10.391
59, 9.9998
60, 9.5121
61, 9.8232
62, 9.6877
63, 9.6829
64, 9.8016
65, 9.877
66, 9.7443
67, 9.9386
68, 9.9171
69, 9.872
70, 9.9504
71, 10.0893
72, 10.0021
73, 10.0719
74, 10.1171
75, 9.9443
76, 10.0109
77, 9.8534
78, 10.1233
79, 10.303
80, 10.1867
81, 10.1748
82, 10.2524
83, 10.4308
84, 10.2426
85, 10.1857
86, 10.3511
87, 10.413
88, 10.1649
89, 10.3093
90, 10.5941
91, 10.3577
92, 10.3032
93, 10.3804
94, 10.3596
95, 10.3047
96, 10.3981
97, 10.4697
98, 10.504
99, 10.4463
100, 10.4719
101, 10.6042
1, 9.9805
2, 8.4757
3, 8.0123
4, 8.0318
5, 8.719
6, 9.1582
7, 8.8022
8, 8.094
9, 9.1604
10, 8.8009
11, 8.7398
12, 8.6723
13, 9.8585
14, 10.0798
15, 10.027
16, 9.5914
17, 9.2524
18, 8.9483
19, 9.2349
20, 8.6703
21, 8.5514
22, 9.2674
23, 8.5698
24, 8.5086
25, 8.5176
26, 8.809
27, 9.2619
28, 9.2918
29, 9.5431
30, 9.432
31, 9.774
32, 9.635
33, 9.3796
34, 9.5131
35, 9.567
36, 9.7054
37, 10.0627
38, 9.5565
39, 10.0477
40, 11.6251
41, 10.6778
42, 10.2292
43, 9.7952
44, 9.9293
45, 9.8991
46, 9.7103
47, 10.1237
48, 10.288
49, 9.5034
50, 9.4268
51, 9.6053
52, 9.2877
53, 9.2023
54, 9.3495
55, 9.3805
56, 9.0423
57, 9.9878
58, 9.6264
59, 9.3552
60, 9.5132
61, 9.3885
62, 9.4533
63, 9.3661
64, 9.4445
65, 9.5532
66, 10.1382
67, 9.4987
68, 9.7651
69, 9.8911
70, 9.854
71, 9.6555
72, 10.7239
73, 10.2131
74, 9.7813
75, 9.834
76, 9.8262
77, 10.1156
78, 9.7778
79, 10.5648
80, 9.9377
81, 9.7934
82, 9.7033
83, 9.9053
84, 9.9204
85, 9.877
86, 9.851
87, 10.5347
88, 10.4853
89, 9.968
90, 9.8833
91, 9.8203
92, 10.0887
93, 10.0313
94, 10.1771
95, 10.3243
96, 10.6612
97, 10.2735
98, 10.0345
99, 10.0492
100, 10.0353
101, 10.0508
102, 10.2863
103, 10.754
104, 10.4542
105, 10.2542
106, 10.0213
107, 10.3872
108, 10.2093
109, 10.0962
110, 10.3864
111, 10.817
112, 10.6949
113, 10.2822
114, 10.2887
115, 10.104
116, 10.304
117, 10.9223
118, 10.5348
119, 10.7091
120, 11.0974
121, 10.5866
122, 10.4074
123, 10.3138
124, 10.4857
125, 10.9238
126, 10.852
127, 10.6947
128, 11.4652
129, 10.8406
130, 10.3661
131, 10.7029
132, 10.7728
133, 10.4024
134, 10.9611
135, 10.9649
136, 11.7399
137, 11.84
138, 10.8093
139, 10.7348
140, 10.8791
141, 10.9525
142, 11.005
143, 11.5492
144, 11.2989
145, 10.8894
146, 10.8312
147, 10.5038
148, 10.5466
149, 11.181
150, 10.9194
151, 10.9944
152, 10.6301
153, 10.2678
154, 10.5325
155, 10.5407
156, 10.7746
157, 10.9545
158, 11.0507
159, 10.9849
160, 10.5301
161, 10.4114
162, 10.3838
163, 10.4448
164, 10.6575
165, 10.6899
166, 11.2601
167, 11.341
168, 10.8781
169, 11.04
170, 11.2065
171, 10.3012
172, 10.2866
173, 10.911
174, 11.1409
175, 10.163
176, 10.0563
177, 10.3021
178, 10.4658
179, 10.2238
180, 10.2945
181, 10.1731
182, 10.9338
183, 10.2285
184, 10.1141
185, 10.3565
186, 10.2115
187, 10.2368
188, 10.369
189, 10.2835
190, 11.0172
191, 10.5435
192, 10.4355
193, 10.3637
194, 10.0582
195, 10.2964
196, 10.3854
197, 10.1699
198, 10.7787
199, 10.5734
200, 10.3314
201, 10.0329
202, 10.3846
203, 10.3807
204, 10.3687
205, 10.3095
206, 10.5734
207, 10.5925
208, 10.2134
209, 10.3436
210, 10.3492
211, 10.2345
212, 10.3545
213, 10.2854
214, 10.4273
215, 11.9775
216, 10.6473
217, 10.2703
218, 10.3507
219, 10.2556
220, 10.1064
221, 10.3641
222, 10.2896
223, 11.3281
224, 10.4221
225, 10.454
226, 10.5918
227, 10.3424
228, 10.2254
229, 10.5631
230, 10.3001
231, 11.2874
232, 10.4014
233, 10.2623
234, 10.433
235, 10.4701
236, 10.5371
237, 10.9466
238, 10.7341
239, 11.0614
240, 10.4982
241, 10.3539
242, 10.4399
243, 10.3998
244, 10.2296
245, 10.571
246, 10.2153
247, 11.2575
248, 10.9296
249, 11.054
250, 11.0443
251, 10.4547
252, 10.2669
253, 10.2342
254, 10.5179
255, 11.1101
256, 10.487
257, 10.8483
258, 10.5065
259, 10.6702
260, 10.6644
261, 11.373
262, 10.7154
263, 10.6631
264, 10.7516
265, 10.5768
266, 10.2819
267, 11.2264
268, 10.5452
269, 10.4174
270, 10.3412
271, 10.443
272, 10.3907
273, 10.3698
274, 10.3149
275, 11.2707
276, 10.6156
277, 10.353
278, 10.5218
279, 10.6293
280, 10.5494
281, 10.409
282, 10.4294
283, 11.4935
284, 10.6574
285, 10.401
286, 10.3329
287, 10.3917
288, 10.223
289, 10.3549
290, 10.4517
291, 11.3627
292, 10.7967
293, 10.4623
294, 10.3105
295, 10.7183
296, 10.4149
297, 10.638
298, 10.4857
299, 11.1247
300, 10.7509
301, 10.4923
302, 10.7823
303, 10.5329
304, 10.319
305, 10.5245
306, 10.4526
307, 10.8891
308, 10.9245
309, 10.6193
310, 10.5748
311, 10.7243
312, 10.386
313, 10.5006
314, 10.5882
315, 11.156
316, 10.8243
317, 10.5053
318, 10.6864
319, 10.6181
320, 10.5769
321, 10.6513
322, 10.6262
323, 11.0922
324, 10.9027
325, 10.6263
326, 10.5281
327, 10.5809
328, 10.3426
329, 10.6213
330, 10.7657
331, 11.3452
332, 11.6395
333, 10.7522
334, 10.6569
335, 10.7122
336, 10.5096
337, 10.6701
338, 10.6235
339, 11.1964
340, 10.8101
341, 10.6616
342, 11.2201
343, 10.7932
344, 10.5937
345, 10.5709
346, 10.5744
347, 11.4355
348, 11.0604
349, 10.6685
350, 10.6288
351, 10.7515
352, 10.9567
353, 11.2219
354, 11.0297
355, 11.3022
356, 10.9748
357, 10.5344
358, 10.7835
359, 10.7935
360, 10.741
361, 10.6531
362, 10.6889
363, 11.6562
364, 11.2585
365, 11.5487
366, 11.2482
367, 10.7677
368, 10.8172
369, 10.8383
370, 10.5693
371, 11.6968
372, 10.7295
373, 10.7316
374, 10.6066
375, 10.7107
376, 10.7966
377, 10.8231
378, 10.4589
379, 11.4686
380, 10.7713
381, 10.7886
382, 10.6713
383, 10.6239
384, 10.8516
385, 10.8464
386, 10.5228
387, 11.6168
388, 10.778
389, 10.8371
390, 10.7385
391, 10.6605
392, 10.8766
393, 10.6194
394, 10.7633
395, 11.4326
396, 10.7852
397, 10.8515
398, 10.6053
399, 10.7794
400, 10.7432
401, 10.7631
402, 10.9703
403, 11.2996
404, 10.7086
405, 10.9845
406, 10.7454
407, 10.5268
408, 10.7022
409, 10.6789
410, 11.6995
411, 11.8398
412, 11.1294
413, 10.9338
414, 10.8113
415, 10.8099
416, 10.6885
417, 10.7692
418, 11.3442
419, 11.249
420, 10.8266
421, 11.4146
422, 11.6149
423, 11.5035
424, 10.8982
425, 10.7518
426, 11.5968
427, 11.0457
428, 10.8486
429, 10.8756
430, 10.634
431, 10.9178
432, 10.9115
433, 11.0231
434, 11.5493
435, 10.9565
436, 10.9096
437, 10.8582
438, 10.734
439, 11.0103
440, 11.0312
441, 10.9612
442, 11.6045
443, 10.9098
444, 10.8678
445, 10.8678
446, 10.6561
447, 10.7419
448, 10.5845
449, 10.8304
450, 11.5813
451, 10.8354
452, 10.9586
453, 10.8013
454, 10.7367
455, 10.9641
456, 10.7867
457, 11.2067
458, 11.4686
459, 10.8952
460, 10.8575
461, 10.7802
462, 10.8286
463, 10.8837
464, 10.8109
465, 11.2093
466, 11.2971
467, 10.9401
468, 10.8163
469, 10.8946
470, 10.8704
471, 10.9605
472, 10.8075
473, 11.6685
474, 11.1267
475, 10.9701
476, 10.9004
477, 11.1398
478, 10.5288
479, 10.6188
480, 11.0116
481, 11.7167
482, 10.9532
483, 10.9252
484, 10.9073
485, 10.8968
486, 10.7227
487, 10.8385
488, 10.984
489, 11.6737
490, 11.0602
491, 10.9414
492, 10.7843
493, 10.9641
494, 10.9117
495, 10.6427
496, 10.9886
497, 11.5441
498, 11.0526
499, 10.9259
500, 10.814
501, 11.1939
502, 10.9864
503, 10.9106
504, 11.3774
505, 11.2243
506, 10.9733
507, 10.9647
508, 10.8181
509, 10.7479
510, 10.7461
511, 11.0429
512, 11.4347
513, 11.2469
514, 11.1797
515, 10.9244
516, 10.8217
517, 10.9799
518, 10.8032
519, 10.7822
520, 11.6174
521, 11.1743
522, 10.8021
523, 11.0701
524, 10.7415
525, 10.8575
526, 10.8435
527, 11.9585
528, 11.7438
529, 11.0374
530, 11.053
531, 10.9458
532, 11.0183
533, 10.9408
534, 10.9263
535, 11.1386
536, 11.549
537, 11.5297
538, 11.1132
539, 10.9748
540, 10.9068
541, 11.1034
542, 10.8287
543, 11.3857
544, 11.2877
545, 10.9703
546, 10.9622
547, 11.0705
548, 11.3803
549, 11.5901
550, 11.2046
551, 11.7192
552, 11.1187
553, 11.0703
554, 10.7656
555, 10.9513
556, 11.101
557, 10.964
558, 11.1618
559, 12.0392
560, 11.8413
561, 11.472
562, 10.9852
563, 11.0086
564, 11.0253
565, 11.1114
566, 11.3316
567, 11.5526
568, 11.0371
569, 11.0439
570, 10.8327
571, 10.9888
572, 10.8652
573, 11.1844
574, 11.6759
575, 11.3931
576, 11.1177
577, 11.059
578, 11.0651
579, 11.0706
580, 11.1152
581, 11.2511
582, 11.7257
583, 11.4531
584, 11.0532
585, 10.9469
586, 11.5784
587, 11.2765
588, 11.2411
589, 11.2216
590, 11.4644
591, 11.2475
592, 11.1098
593, 11.142
594, 11.0595
595, 11.0008
596, 11.0572
597, 11.7874
598, 11.2673
599, 11.0118
600, 10.958
601, 11.1616
602, 11.0837
603, 10.989
604, 11.0838
605, 11.8766
606, 11.1905
607, 11.1769
608, 10.9733
609, 11.374
610, 11.2834
611, 11.7089
612, 12.1026
613, 12.0038
614, 11.3992
615, 13.2705
616, 11.2116
617, 11.2502
618, 10.9541
619, 11.146
620, 12.2438
621, 12.4659
622, 11.6464
623, 11.0941
624, 10.9915
625, 11.04
626, 11.2089
627, 11.4875
628, 11.5595
629, 11.0866
630, 11.0833
631, 11.3233
632, 11.0018
633, 10.9465
634, 11.2564
635, 11.5556
636, 11.3475
637, 11.0966
638, 10.8092
639, 11.1993
640, 11.1623
641, 11.1759
642, 13.8122
643, 13.5576
644, 13.1337
645, 12.3534
646, 11.4132
647, 11.0687
648, 11.1868
649, 10.9654
650, 11.6542
651, 11.528
652, 11.2684
653, 11.3767
654, 11.5807
655, 11.117
656, 11.228
657, 11.3419
658, 11.5471
659, 11.2166
660, 11.0187
661, 11.1032
662, 11.2692
663, 11.2568
664, 11.6606
665, 12.3054
666, 11.7137
667, 11.3271
668, 11.0543
669, 11.2242
670, 10.7687
671, 11.2212
672, 11.0943
673, 11.7804
674, 11.2518
675, 11.699
676, 11.7104
677, 11.8025
678, 11.1308
679, 11.1909
680, 11.5986
681, 11.57
682, 11.2353
683, 11.0823
684, 11.0321
685, 11.0507
686, 11.2131
687, 11.2945
688, 11.7732
689, 11.375
690, 11.1991
691, 11.0625
692, 11.2932
693, 11.2555
694, 11.3135
695, 11.301
696, 11.6342
697, 11.1315
698, 11.1212
699, 11.2033
700, 11.1376
701, 11.1075
702, 11.3627
703, 11.5792
704, 11.4054
705, 11.2682
706, 11.249
707, 11.1342
708, 11.1208
709, 11.2984
710, 11.1112
711, 11.8063
712, 11.3449
713, 11.2332
714, 11.2714
715, 11.1626
716, 11.0358
717, 11.8522
718, 11.8755
719, 11.7074
720, 11.1711
721, 11.1417
722, 11.4874
723, 11.5878
724, 11.2492
725, 11.2568
726, 11.5682
727, 11.5823
728, 11.1584
729, 11.4796
730, 11.1955
731, 11.1238
732, 11.4671
733, 11.9863
734, 12.2673
735, 11.4914
736, 11.1149
737, 11.1818
738, 11.2208
739, 11.1815
740, 11.1512
741, 11.5509
742, 11.5492
743, 11.6493
744, 11.848
745, 11.9324
746, 11.5662
747, 11.1999
748, 11.2063
749, 12.0682
750, 11.2383
751, 11.2039
752, 11.253
753, 11.2255
754, 11.1095
755, 11.3144
756, 11.6197
757, 11.9254
758, 11.2337
759, 11.0893
760, 11.1767
761, 11.3145
762, 11.3368
763, 11.4153
764, 11.7863
765, 11.4424
766, 11.1069
767, 11.3476
768, 11.204
769, 11.1106
770, 11.2483
771, 11.3076
772, 12.0473
773, 11.4544
774, 11.2608
775, 11.328
776, 11.047
777, 11.3317
778, 11.3311
779, 11.856
780, 11.5661
781, 11.2724
782, 11.1395
783, 11.2482
784, 11.1468
785, 11.2357
786, 11.0144
787, 11.8861
788, 11.3502
789, 11.1754
790, 11.3662
791, 11.288
792, 11.1269
793, 11.3742
794, 11.5581
795, 11.9271
796, 10.9911
797, 11.1026
798, 11.0348
799, 11.2265
800, 11.2343
801, 11.3366
802, 11.9773
803, 11.5446
804, 11.2577
805, 11.5854
806, 11.2459
807, 11.4469
808, 11.3936
809, 11.8844
810, 11.9703
811, 11.3297
812, 11.6225
813, 11.3845
814, 11.1456
815, 11.4151
816, 11.2613
817, 11.9035
818, 11.506
819, 11.7669
820, 11.4319
821, 11.2587
822, 11.2722
823, 11.3757
824, 11.1848
825, 12.0003
826, 11.2435
827, 11.3559
828, 11.3445
829, 12.2748
830, 12.5438
831, 11.6391
832, 12.0163
833, 11.4394
834, 11.2091
835, 11.2927
836, 11.194
837, 11.2202
838, 11.2905
839, 11.3631
840, 12.3856
841, 11.7361
842, 12.0253
843, 11.4
844, 11.1985
845, 11.3663
846, 11.2675
847, 12.0239
848, 11.4737
849, 11.2724
850, 11.2702
851, 11.023
852, 11.28
853, 11.4581
854, 10.9785
855, 12.0211
856, 11.3363
857, 11.3648
858, 11.3721
859, 11.1691
860, 11.4702
861, 11.3902
862, 11.9088
863, 11.5806
864, 10.8889
865, 11.3047
866, 11.1124
867, 11.2866
868, 11.2655
869, 11.3887
870, 12.3632
871, 11.4909
872, 11.0037
873, 11.2672
874, 11.2035
875, 11.4201
876, 11.3053
877, 11.1995
878, 11.8416
879, 11.3256
880, 11.3474
881, 11.2588
882, 11.1539
883, 11.3769
884, 11.1476
885, 11.9964
886, 11.4522
887, 11.26
888, 11.2685
889, 11.2733
890, 11.3988
891, 11.3311
892, 11.196
893, 12.0531
894, 11.5371
895, 11.455
896, 11.3826
897, 11.4032
898, 11.436
899, 11.3943
900, 11.5894
901, 11.6243
902, 11.4092
903, 11.2398
904, 11.3372
905, 11.545
906, 12.1098
907, 11.2966
908, 12.0108
909, 11.3234
910, 11.2629
911, 11.3642
912, 11.2484
913, 10.9767
914, 11.2925
915, 11.6812
916, 12.05
917, 11.3146
918, 11.3091
919, 11.2978
920, 11.3894
921, 11.3711
922, 11.3227
923, 12.2996
924, 11.4643
925, 11.4479
926, 11.7149
927, 11.8467
928, 11.7329
929, 11.6472
930, 11.9733
931, 11.637
932, 11.1284
933, 11.3781
934, 11.2684
935, 11.4887
936, 11.1364
937, 11.5959
938, 12.199
939, 11.9198
940, 12.0266
941, 11.5289
942, 11.3755
943, 11.2791
944, 11.2322
945, 11.9948
946, 11.6779
947, 11.412
948, 11.2268
949, 11.3336
950, 11.3419
951, 11.3472
952, 11.3506
953, 11.9242
954, 11.3105
955, 11.4395
956, 11.2475
957, 11.3165
958, 11.3437
959, 11.3319
960, 11.8212
961, 11.7896
962, 11.2851
963, 11.1976
964, 11.2379
965, 11.534
966, 11.3713
967, 11.3394
968, 11.8518
969, 11.6495
970, 11.3016
971, 11.4374
972, 11.1772
973, 11.2914
974, 11.1678
975, 11.6217
976, 12.0237
977, 11.3115
978, 11.2646
979, 11.3024
980, 11.5196
981, 11.4293
982, 11.1394
983, 11.976
984, 11.5749
985, 11.4642
986, 11.2776
987, 11.1703
988, 11.5861
989, 11.3647
990, 11.4508
991, 12.0072
992, 11.3221
993, 11.1513
994, 11.1973
995, 11.3084
996, 11.2192
997, 11.2342
998, 11.7461
999, 11.8505
1000, 11.4137
1001, 11.3016
1002, 11.3359
1003, 11.407
1004, 12.0736
1005, 11.7944
1006, 12.0565
1007, 11.3693
1008, 11.17
1009, 11.3904
1010, 11.4577
1011, 11.6195
1012, 12.8272
1013, 13.3916
1014, 11.9736
1015, 11.5498
1016, 11.3417
1017, 11.5135
1018, 11.3904
1019, 11.2205
1020, 11.5961
1021, 11.996
1022, 11.3583
1023, 11.4442
1024, 11.5662
1025, 11.931
1026, 11.8643
1027, 11.7545
1028, 12.0007
1029, 11.5173
1030, 11.3726
1031, 11.3436
1032, 11.3957
1033, 11.4948
1034, 11.3577
1035, 12.1435
1036, 12.1695
1037, 12.1356
1038, 12.0682
1039, 11.3529
1040, 11.3277
1041, 11.4261
1042, 11.4115
1043, 12.1326
1044, 11.4233
1045, 11.4433
1046, 11.3678
1047, 11.6053
1048, 11.3774
1049, 11.4803
1050, 11.9056
1051, 11.6694
1052, 11.4181
1053, 11.4606
1054, 11.2045
1055, 11.4332
1056, 11.2473
1057, 11.4629
1058, 11.8815
1059, 11.4978
1060, 11.3395
1061, 11.2414
1062, 11.5098
1063, 11.4038
1064, 11.3073
1065, 11.9272
1066, 11.6099
1067, 11.4127
1068, 11.3198
1069, 11.1885
1070, 11.3204
1071, 11.3382
1072, 11.5782
1073, 12.0273
1074, 11.4085
1075, 11.2197
1076, 11.2319
1077, 11.5078
1078, 11.3183
1079, 11.2851
1080, 11.6679
1081, 11.8961
1082, 11.508
1083, 11.416
1084, 11.2594
1085, 11.3035
1086, 11.2914
1087, 11.4959
1088, 11.9821
1089, 11.5838
1090, 11.3318
1091, 11.2348
1092, 11.511
1093, 11.3683
1094, 11.2327
1095, 11.4122
1096, 11.9907
1097, 11.5201
1098, 11.4547
1099, 11.3595
1100, 11.2944
1101, 11.6606
1102, 11.3164
1103, 11.7587
1104, 12.3394
1105, 11.8319
1106, 11.4575
1107, 11.5723
1108, 11.4841
1109, 11.4278
1110, 11.3161
1111, 12.0464
1112, 11.4693
1113, 11.1449
1114, 11.7865
1115, 11.7294
1116, 11.3338
1117, 11.5409
1118, 11.9964
1119, 11.7179
1120, 11.4426
1121, 11.3762
1122, 11.566
1123, 11.4937
1124, 11.4868
1125, 12.2377
1126, 12.0484
1127, 11.5741
1128, 11.4866
1129, 11.4648
1130, 11.3471
1131, 11.3343
1132, 11.4675
1133, 11.9727
1134, 11.5969
1135, 11.7434
1136, 12.0784
1137, 11.9698
1138, 11.9715
1139, 11.6528
1140, 11.7663
1141, 11.731
1142, 11.2534
1143, 11.4129
1144, 11.5104
1145, 11.2884
1146, 11.3904
1147, 11.5283
1148, 11.9478
1149, 11.6631
1150, 11.4942
1151, 11.4533
1152, 11.4437
1153, 11.4182
1154, 11.4525
1155, 11.9811
1156, 11.7163
1157, 11.59
1158, 11.2262
1159, 11.4324
1160, 11.4269
1161, 11.2852
1162, 11.2968
1163, 12.0449
1164, 11.5927
1165, 11.4086
1166, 11.4852
1167, 11.4319
1168, 11.2767
1169, 11.3261
1170, 11.8594
1171, 11.8165
1172, 11.5121
1173, 11.3685
1174, 11.4255
1175, 11.5187
1176, 11.1882
1177, 11.394
1178, 11.957
1179, 11.7136
1180, 11.2375
1181, 11.6028
1182, 11.2578
1183, 11.3085
1184, 11.6039
1185, 11.6738
1186, 11.8185
1187, 11.4882
1188, 11.3331
1189, 11.434
1190, 11.4021
1191, 11.2068
1192, 11.3062
1193, 12.022
1194, 11.6866
1195, 11.5768
1196, 11.43
1197, 11.4329
1198, 11.3388
1199, 11.5389
1200, 11.599
1201, 11.8867
1202, 11.4159
1203, 11.5468
1204, 12.3483
1205, 11.7759
1206, 11.5684
1207, 11.5186
1208, 12.1146
1209, 11.6118
1210, 11.3379
1211, 11.4157
1212, 11.5221
1213, 11.4332
1214, 11.9362
1215, 12.1905
1216, 11.7984
1217, 11.4639
1218, 11.2855
1219, 11.4619
1220, 11.5818
1221, 11.9286
1222, 11.3123
1223, 12.4417
1224, 11.7173
1225, 11.8208
1226, 11.9992
1227, 11.8875
1228, 11.5106
1229, 11.4588
1230, 12.0892
1231, 11.4926
1232, 11.178
1233, 11.4442
1234, 11.4606
1235, 11.6107
1236, 11.9251
1237, 12.4596
1238, 12.5361
1239, 11.8209
1240, 11.6985
1241, 11.5456
1242, 11.398
1243, 11.6251
1244, 11.4595
1245, 12.1795
1246, 11.5577
1247, 11.5315
1248, 11.6481
1249, 11.5706
1250, 11.3189
1251, 11.4082
1252, 11.9423
1253, 11.8698
1254, 11.6336
1255, 11.6501
1256, 11.4517
1257, 11.3864
1258, 11.4769
1259, 11.5317
1260, 12.1288
1261, 11.6848
1262, 11.4692
1263, 11.4683
1264, 11.5347
1265, 11.5634
1266, 11.3986
1267, 11.9225
1268, 11.841
1269, 11.4597
1270, 11.4483
1271, 11.2905
1272, 11.3877
1273, 11.5827
1274, 11.4404
1275, 12.1627
1276, 11.5124
1277, 11.2298
1278, 11.3554
1279, 11.3846
1280, 11.3862
1281, 11.5881
1282, 11.5606
1283, 11.8763
1284, 11.4481
1285, 11.4824
1286, 11.4039
1287, 11.3867
1288, 11.4136
1289, 11.6071
1290, 11.9892
1291, 11.4775
1292, 11.463
1293, 11.6644
1294, 11.3193
1295, 11.3561
1296, 11.4357
1297, 12.2359
1298, 11.7475
1299, 11.5782
1300, 11.5902
1301, 11.4667
1302, 11.4185
1303, 11.2865
1304, 12.2017
1305, 11.6071
1306, 11.4624
1307, 11.4436
1308, 11.3546
1309, 11.5368
1310, 11.5036
1311, 12.09
1312, 11.8713
1313, 11.561
1314, 12.292
1315, 12.0203
1316, 11.5615
1317, 11.5238
1318, 11.4635
1319, 12.2896
1320, 11.4137
1321, 11.3841
1322, 11.4883
1323, 11.1695
1324, 11.724
1325, 11.8663
1326, 12.3095
1327, 11.596
1328, 11.356
1329, 11.4081
1330, 11.5548
1331, 11.6673
1332, 11.411
1333, 11.4599
1334, 12.1233
1335, 12.0111
1336, 12.0146
1337, 12.0007
1338, 11.4969
1339, 11.4669
1340, 11.2962
1341, 12.355
1342, 11.616
1343, 11.6518
1344, 11.3895
1345, 11.4683
1346, 12.0714
1347, 11.929
1348, 12.8342
1349, 12.2009
1350, 11.3749
1351, 11.6184
1352, 11.2746
1353, 11.5907
1354, 11.3376
1355, 11.4487
1356, 12.3866
1357, 11.6451
1358, 11.5221
1359, 11.528
1360, 11.4426
1361, 11.5816
1362, 11.4034
1363, 12.1648
1364, 11.7452
1365, 11.3854
1366, 11.3325
1367, 11.4599
1368, 11.5832
1369, 11.6183
1370, 11.2211
1371, 12.2541
1372, 11.4856
1373, 11.54
1374, 11.4824
1375, 11.4036
1376, 11.2304
1377, 11.3926
1378, 12.1193
1379, 11.7968
1380, 11.5157
1381, 11.4905
1382, 11.3367
1383, 11.565
1384, 11.3632
1385, 11.3843
1386, 12.0778
1387, 11.4409
1388, 11.575
1389, 11.4674
1390, 11.4025
1391, 11.5791
1392, 11.5037
1393, 12.0564
1394, 11.745
1395, 11.4994
1396, 11.4615
1397, 11.3764
1398, 11.4793
1399, 11.49
1400, 11.4929
1401, 12.2718
1402, 11.4238
1403, 11.6809
1404, 11.4382
1405, 11.6499
1406, 11.4117
1407, 11.4029
1408, 12.0757
1409, 11.8399
1410, 11.6881
1411, 11.6145
1412, 11.3659
1413, 11.6198
1414, 11.3547
1415, 11.6036
1416, 12.1096
1417, 11.383
1418, 11.4796
1419, 11.4522
1420, 11.453
1421, 11.3078
1422, 11.3408
1423, 11.9969
1424, 11.8631
1425, 11.8057
1426, 12.3457
1427, 11.6271
1428, 11.4444
1429, 11.5859
1430, 11.5615
1431, 12.0744
1432, 11.4593
1433, 11.4445
1434, 11.4582
1435, 11.6804
1436, 12.0743
1437, 11.5905
1438, 12.1022
1439, 11.7679
1440, 11.6801
1441, 11.7362
1442, 11.6105
1443, 11.5333
1444, 11.3943
1445, 11.8329
1446, 12.4161
1447, 11.9875
1448, 11.9369
1449, 11.6179
1450, 11.5681
1451, 11.5788
1452, 11.4883
1453, 12.0156
1454, 11.5356
1455, 11.3906
1456, 11.5137
1457, 12.0609
1458, 12.0562
1459, 12.1873
1460, 12.3084
1461, 11.7399
1462, 11.5576
1463, 11.5825
1464, 11.4563
1465, 11.7068
1466, 11.3195
1467, 11.7317
1468, 12.0937
1469, 11.661
1470, 11.4031
1471, 11.3223
1472, 11.511
1473, 11.7161
1474, 11.4328
1475, 12.2103
1476, 11.6464
1477, 11.5943
1478, 11.6287
1479, 11.6784
1480, 11.6033
1481, 11.4643
1482, 12.1009
1483, 11.978
1484, 11.4946
1485, 11.5283
1486, 11.4013
1487, 11.5928
1488, 11.4261
1489, 11.6428
1490, 12.2356
1491, 11.6776
1492, 11.2886
1493, 11.5155
1494, 11.6425
1495, 11.6875
1496, 11.4701
1497, 11.6069
1498, 11.9211
1499, 11.6129
1500, 11.4148
1501, 11.3182
1502, 11.5632
1503, 11.4891
1504, 12.2958
1505, 12.3966
1506, 11.5925
1507, 11.6732
1508, 11.4763
1509, 11.7407
1510, 11.5067
1511, 11.392
1512, 11.9102
1513, 12.0026
1514, 12.2791
1515, 12.0598
1516, 11.5902
1517, 12.2777
1518, 11.4858
1519, 11.642
1520, 12.1308
1521, 11.7022
1522, 11.6562
1523, 11.8026
1524, 12.0403
1525, 11.9671
1526, 12.347
1527, 12.27
1528, 11.6785
1529, 11.4411
1530, 11.2529
1531, 11.7026
1532, 11.5317
1533, 11.6285
1534, 11.6806
1535, 12.2642
1536, 12.1747
1537, 12.3905
1538, 12.1039
1539, 11.5672
1540, 11.403
1541, 11.6184
1542, 12.1648
1543, 11.5531
1544, 11.5078
1545, 11.4793
1546, 11.3428
1547, 11.403
1548, 11.5659
1549, 12.0095
1550, 11.7649
1551, 11.5082
1552, 11.4475
1553, 11.6611
1554, 11.5342
1555, 11.5607
1556, 11.5032
1557, 11.9888
1558, 11.7572
1559, 11.6015
1560, 11.5363
1561, 11.3266
1562, 11.5752
1563, 11.6678
1564, 11.8566
1565, 11.7969
1566, 11.6456
1567, 11.4955
1568, 11.5452
1569, 11.6191
1570, 11.5041
1571, 11.4768
1572, 12.0377
1573, 11.8184
1574, 11.5258
1575, 11.6895
1576, 11.6037
1577, 11.5591
1578, 11.6873
1579, 11.881
1580, 11.8969
1581, 11.5988
1582, 11.444
1583, 11.6534
1584, 11.5598
1585, 11.586
1586, 11.4201
1587, 12.1341
1588, 11.6255
1589, 11.4951
1590, 11.5802
1591, 11.4382
1592, 11.5913
1593, 11.8332
1594, 12.0354
1595, 12.0575
1596, 11.5646
1597, 11.4571
1598, 11.5546
1599, 11.5888
1600, 11.5974
1601, 11.5413
1602, 12.5159
1603, 11.757
1604, 11.4951
1605, 11.5997
1606, 11.5888
1607, 11.3837
1608, 11.6113
1609, 12.0244
1610, 11.9612
1611, 11.6287
1612, 11.4968
1613, 11.3923
1614, 11.5249
1615, 12.339
1616, 11.8658
1617, 12.2266
1618, 11.5734
1619, 11.4897
1620, 11.4615
1621, 11.5761
1622, 11.6146
1623, 11.6321
1624, 12.0568
1625, 12.1605
1626, 12.0536
1627, 11.5053
1628, 11.5662
1629, 11.5086
1630, 11.5471
1631, 11.8203
1632, 12.054
1633, 11.5739
1634, 11.8351
1635, 12.1308
1636, 12.1726
1637, 12.0952
1638, 12.5316
1639, 11.7715
1640, 11.9941
1641, 11.8138
1642, 11.4484
1643, 11.5886
1644, 11.4069
1645, 12.0301
1646, 12.4626
1647, 12.0489
1648, 12.2165
1649, 12.2449
1650, 11.485
1651, 11.5955
1652, 11.4136
1653, 12.3626
1654, 11.6244
1655, 11.5391
1656, 11.246
1657, 11.422
1658, 11.6912
1659, 11.6625
1660, 12.0366
1661, 11.7897
1662, 11.4914
1663, 11.7496
1664, 11.4965
1665, 11.4993
1666, 11.5751
1667, 11.6935
1668, 12.1879
1669, 11.7407
1670, 11.4408
1671, 11.6153
1672, 11.481
1673, 11.7326
1674, 11.6441
1675, 12.2088
1676, 11.5786
1677, 11.4272
1678, 12.7639
1679, 12.8392
1680, 12.0523
1681, 11.5882
1682, 12.2281
1683, 11.8349
1684, 11.5539
1685, 11.6223
1686, 11.6063
1687, 12.005
1688, 11.5295
1689, 12.2401
1690, 11.6971
1691, 11.5979
1692, 11.5907
1693, 11.5996
1694, 11.5486
1695, 12.2537
1696, 11.6424
1697, 11.6961
1698, 11.5492
1699, 12.022
1700, 11.5541
1701, 11.7565
1702, 11.5849
1703, 11.8565
1704, 12.3146
1705, 11.9123
1706, 11.9437
1707, 12.0799
1708, 11.5988
1709, 11.7543
1710, 11.7569
1711, 11.8125
1712, 12.7116
1713, 12.0042
1714, 11.76
1715, 11.8139
1716, 11.7124
1717, 11.74
1718, 12.6157
1719, 11.7855
1720, 12.2874
1721, 12.2096
1722, 11.6899
1723, 11.5516
1724, 12.1069
1725, 11.866
1726, 11.4618
1727, 11.6464
1728, 11.5044
1729, 11.8533
1730, 12.1168
1731, 12.0784
1732, 12.6887
1733, 11.8057
1734, 11.6349
1735, 11.7335
1736, 11.6751
1737, 11.6755
1738, 11.2789
1739, 12.2263
1740, 11.7122
1741, 11.7206
1742, 11.492
1743, 11.5688
1744, 11.6462
1745, 11.2684
1746, 12.0488
1747, 12.0139
1748, 11.4965
1749, 11.6044
1750, 11.4419
1751, 11.6755
1752, 11.6213
1753, 11.5196
1754, 12.2702
1755, 11.6784
1756, 11.6634
1757, 11.5749
1758, 11.4742
1759, 11.5932
1760, 11.4614
1761, 12.2812
1762, 11.9416
1763, 11.438
1764, 11.6611
1765, 11.4988
1766, 11.7046
1767, 11.6399
1768, 11.5362
1769, 12.2798
1770, 11.3938
1771, 11.6634
1772, 11.6046
1773, 11.7991
1774, 11.6581
1775, 11.4316
1776, 12.22
1777, 11.6853
1778, 11.6705
1779, 11.57
1780, 11.4153
1781, 11.6468
1782, 11.5198
1783, 11.6107
1784, 12.3708
1785, 11.5145
1786, 11.5937
1787, 11.5713
1788, 11.6511
1789, 11.4929
1790, 11.4289
1791, 12.1779
1792, 11.7392
1793, 11.6601
1794, 11.5688
1795, 11.6416
1796, 11.606
1797, 11.5855
1798, 11.7311
1799, 12.3298
1800, 11.471
1801, 11.5778
1802, 11.4974
1803, 11.5703
1804, 11.5661
1805, 11.5642
1806, 12.1274
1807, 11.8662
1808, 11.6674
1809, 12.1966
1810, 12.1302
1811, 11.6476
1812, 11.5408
1813, 12.0928
1814, 11.9797
1815, 11.6391
1816, 11.3888
1817, 11.54
1818, 11.5397
1819, 11.6824
1820, 12.0438
1821, 12.3115
1822, 11.518
1823, 11.583
1824, 11.5041
1825, 11.8148
1826, 11.6682
1827, 11.4198
1828, 12.1579
1829, 12.0249
1830, 12.1872
1831, 12.2436
1832, 11.8427
1833, 11.6836
1834, 11.6206
1835, 11.9874
1836, 11.8519
1837, 11.6776
1838, 11.5905
1839, 11.468
1840, 11.9676
1841, 12.1827
1842, 12.1644
1843, 12.912
1844, 11.5696
1845, 11.5888
1846, 11.4028
1847, 11.918
1848, 11.7454
1849, 11.4785
1850, 12.1563
1851, 11.838
1852, 11.6084
1853, 11.6247
1854, 11.5358
1855, 11.5384
1856, 11.4808
1857, 11.7549
1858, 12.2358
1859, 11.3985
1860, 11.5082
1861, 11.6137
1862, 11.7
1863, 11.7305
1864, 11.5278
1865, 12.3762
1866, 11.7099
1867, 11.7393
1868, 11.6827
1869, 11.4961
1870, 11.4491
1871, 11.4762
1872, 11.6945
1873, 12.1677
1874, 11.6436
1875, 11.5898
1876, 11.553
1877, 11.7052
1878, 11.5373
1879, 11.6516
1880, 12.3073
1881, 11.7567
1882, 11.6016
1883, 11.7127
1884, 11.6953
1885, 11.6798
1886, 11.6114
1887, 11.9193
1888, 11.8499
1889, 11.723
1890, 11.4932
1891, 11.5507
1892, 11.639
1893, 11.659
1894, 11.5015
1895, 12.1852
1896, 12.0519
1897, 11.7664
1898, 11.7587
1899, 11.8425
1900, 11.5951
1901, 11.4708
1902, 12.2003
1903, 11.9099
1904, 12.404
1905, 11.873
1906, 11.6828
1907, 11.6778
1908, 11.7215
1909, 11.6696
1910, 12.1036
1911, 11.8195
1912, 11.7055
1913, 11.8817
1914, 12.1938
1915, 11.7631
1916, 11.5648
1917, 12.1567
1918, 11.7338
1919, 11.7633
1920, 11.5095
1921, 11.5789
1922, 11.5492
1923, 11.8548
1924, 12.6865
1925, 12.3934
1926, 12.2032
1927, 11.8994
1928, 11.5905
1929, 11.6486
1930, 11.4502
1931, 11.636
1932, 12.1742
1933, 11.7362
1934, 11.7883
1935, 11.9445
1936, 12.1645
1937, 12.1956
1938, 12.1128
1939, 12.2615
1940, 11.8745
1941, 11.6515
1942, 11.433
1943, 11.5169
1944, 11.4536
1945, 11.6464
1946, 11.9026
1947, 11.9816
1948, 11.6312
1949, 11.3867
1950, 11.5641
1951, 11.6623
1952, 11.5674
1953, 11.4977
1954, 12.1852
1955, 11.7993
1956, 11.5239
1957, 11.612
1958, 11.5679
1959, 11.5388
1960, 11.5818
1961, 11.9458
1962, 11.9254
1963, 11.5659
1964, 11.5071
1965, 11.6563
1966, 11.5598
1967, 11.6452
1968, 11.5642
1969, 12.1958
1970, 11.7749
1971, 11.5603
1972, 11.6533
1973, 11.6054
1974, 11.4505
1975, 11.6952
1976, 12.0891
1977, 11.8846
1978, 11.6491
1979, 11.5041
1980, 11.6028
1981, 11.6601
1982, 11.6496
1983, 11.6353
1984, 12.1698
1985, 11.761
1986, 11.5754
1987, 11.5525
1988, 11.6431
1989, 11.5272
1990, 11.5018
1991, 12.225
1992, 11.7893
1993, 11.6338
1994, 11.6269
1995, 11.5106
1996, 11.4564
1997, 11.6991
1998, 11.5916
1999, 12.1888
2000, 11.5078
2001, 11.523
2002, 11.5157
2003, 11.6403
2004, 11.4758
2005, 11.5045
2006, 11.888
2007, 11.9106
2008, 11.6728
2009, 11.5728
2010, 11.5863
2011, 11.4719
2012, 11.6796
2013, 11.5744
2014, 12.2423
2015, 12.2496
2016, 12.0371
2017, 11.8293
2018, 11.6604
2019, 11.684
2020, 11.5746
2021, 12.3018
2022, 11.7472
2023, 11.6761
2024, 11.8571
2025, 12.18
2026, 11.6977
2027, 11.7509
2028, 12.0769
2029, 12.0053
2030, 11.6565
2031, 11.5717
2032, 11.5318
2033, 11.5411
2034, 11.9188
2035, 12.0405
2036, 12.5353
2037, 12.2144
2038, 11.7414
2039, 11.7528
2040, 11.5576
2041, 11.6927
2042, 11.6421
2043, 12.1494
2044, 11.9828
2045, 11.6172
2046, 11.9713
2047, 12.1062
2048, 12.0262
2049, 12.2971
2050, 12.1092
2051, 12.1735
2052, 11.6064
2053, 11.4323
2054, 11.5435
2055, 11.6938
2056, 11.7614
2057, 11.7488
2058, 12.3331
2059, 11.7448
2060, 11.6492
2061, 11.7663
2062, 11.6221
2063, 11.7396
2064, 11.6636
2065, 12.0061
2066, 11.8708
2067, 11.6236
2068, 11.7433
2069, 11.6978
2070, 11.5294
2071, 11.6985
2072, 11.5385
2073, 12.4652
2074, 11.4267
2075, 11.4897
2076, 11.5926
2077, 11.5984
2078, 11.6957
2079, 11.669
2080, 12.1082
2081, 11.9133
2082, 11.4301
2083, 11.5785
2084, 11.8671
2085, 12.14
2086, 12.2633
2087, 12.0992
2088, 12.1557
2089, 11.6684
2090, 11.6237
2091, 11.7188
2092, 11.6355
2093, 11.621
2094, 11.4068
2095, 12.3227
2096, 11.7102
2097, 11.6384
2098, 11.596
2099, 11.6681
2100, 11.4166
2101, 11.6195
2102, 11.8981
2103, 11.9845
2104, 11.5874
2105, 11.8979
2106, 11.5985
2107, 11.552
2108, 11.621
2109, 11.4944
2110, 12.3188
2111, 11.7375
2112, 11.3907
2113, 11.5466
2114, 11.523
2115, 11.5329
2116, 11.6403
2117, 12.395
2118, 11.8592
2119, 11.6784
2120, 11.6482
2121, 11.5454
2122, 11.5206
2123, 11.6739
2124, 11.3155
2125, 12.9135
2126, 12.2088
2127, 11.7468
2128, 11.6904
2129, 11.8534
2130, 11.7558
2131, 11.6059
2132, 12.4618
2133, 11.8382
2134, 11.6844
2135, 11.692
2136, 12.052
2137, 11.7498
2138, 11.5988
2139, 12.1807
2140, 11.9994
2141, 11.6861
2142, 11.8365
2143, 11.6101
2144, 11.7254
2145, 11.8843
2146, 12.3453
2147, 12.6989
2148, 11.8397
2149, 11.9268
2150, 11.6568
2151, 11.6674
2152, 11.4015
2153, 11.5541
2154, 12.3874
2155, 11.8811
2156, 11.7785
2157, 12.4048
2158, 11.9909
2159, 12.4991
2160, 11.8073
2161, 12.4632
2162, 11.8565
2163, 11.5831
2164, 11.6615
2165, 11.5867
2166, 11.705
2167, 11.7502
2168, 12.0474
2169, 12.1814
2170, 11.5405
2171, 11.6735
2172, 11.665
2173, 11.5386
2174, 11.5203
2175, 11.679
2176, 12.315
2177, 11.8325
2178, 11.7208
2179, 11.5691
2180, 11.3807
2181, 11.7133
2182, 11.4506
2183, 12.2561
2184, 11.8968
2185, 11.5836
2186, 11.5388
2187, 11.5796
2188, 11.7207
2189, 11.779
2190, 11.5749
2191, 12.3113
2192, 11.6968
2193, 11.7118
2194, 11.6238
2195, 11.319
2196, 11.5322
2197, 11.7378
2198, 12.2878
2199, 11.8455
2200, 11.5123
2201, 11.3801
2202, 11.4995
2203, 11.8179
2204, 12.2554
2205, 12.549
2206, 12.0297
2207, 11.7375
2208, 11.6171
2209, 11.6171
2210, 11.7482
2211, 11.623
2212, 11.5964
2213, 12.383
2214, 11.8725
2215, 12.2004
2216, 11.714
2217, 11.6114
2218, 11.487
2219, 11.7098
2220, 12.4259
2221, 11.9498
2222, 11.7112
2223, 11.5742
2224, 11.8142
2225, 12.1534
2226, 12.2619
2227, 12.3515
2228, 12.0254
2229, 11.5893
2230, 11.5773
2231, 11.5723
2232, 11.7509
2233, 11.7637
2234, 11.6466
2235, 12.65
2236, 12.1921
2237, 12.4594
2238, 12.2048
2239, 11.7937
2240, 11.7459
2241, 11.4586
2242, 12.4026
2243, 11.8599
2244, 11.6708
2245, 11.5952
2246, 11.4885
2247, 11.6398
2248, 11.6062
2249, 12.1485
2250, 12.0444
2251, 11.6718
2252, 11.6331
2253, 11.4461
2254, 11.8535
2255, 11.5916
2256, 11.4767
2257, 12.2772
2258, 11.6491
2259, 11.7472
2260, 11.6278
2261, 11.7804
2262, 11.7224
2263, 11.6052
2264, 12.1738
2265, 11.9856
2266, 11.692
2267, 11.6607
2268, 11.5253
2269, 11.6884
2270, 11.6007
2271, 11.7616
2272, 12.3606
2273, 11.5508
2274, 11.594
2275, 11.6398
2276, 11.7276
2277, 11.6782
2278, 11.5748
2279, 12.322
2280, 11.9
2281, 11.8525
2282, 12.233
2283, 12.0722
2284, 11.5515
2285, 11.6149
2286, 12.0751
2287, 12.2579
2288, 11.7802
2289, 11.5616
2290, 11.4954
2291, 11.6749
2292, 11.3893
2293, 11.6401
2294, 12.1392
2295, 11.5976
2296, 11.5002
2297, 11.5552
2298, 11.5648
2299, 11.7114
2300, 11.5741
2301, 12.1298
2302, 11.8888
2303, 11.9215
2304, 12.1931
2305, 12.1454
2306, 11.6713
2307, 11.6011
2308, 11.9296
2309, 12.2401
2310, 11.6162
2311, 11.6213
2312, 11.4488
2313, 12.0041
2314, 12.1621
2315, 11.8132
2316, 12.3161
2317, 11.7432
2318, 11.7153
2319, 11.6059
2320, 11.6792
2321, 11.6671
2322, 11.5116
2323, 12.2269
2324, 12.3004
2325, 12.2328
2326, 12.0891
2327, 12.0084
2328, 11.6701
2329, 11.7134
2330, 11.8351
2331, 12.2917
2332, 11.7647
2333, 11.631
2334, 11.577
2335, 12.4432
2336, 12.0618
2337, 12.6599
2338, 12.3612
2339, 11.8278
2340, 11.6886
2341, 11.574
2342, 11.7587
2343, 11.6552
2344, 11.6814
2345, 12.1742
2346, 11.8515
2347, 11.7646
2348, 11.6735
2349, 11.9212
2350, 11.6499
2351, 11.597
2352, 11.8435
2353, 12.1829
2354, 12.1004
2355, 11.8685
2356, 11.4496
2357, 11.6489
2358, 11.5381
2359, 11.8069
2360, 12.3141
2361, 11.7306
2362, 11.5551
2363, 11.4387
2364, 11.7825
2365, 11.6152
2366, 11.6633
2367, 12.1573
2368, 12.0594
2369, 11.6956
2370, 11.5304
2371, 11.652
2372, 11.6078
2373, 11.6155
2374, 11.713
2375, 12.3327
2376, 11.5836
2377, 11.5928
2378, 11.5057
2379, 11.6453
2380, 11.6632
2381, 11.8173
2382, 12.131
2383, 12.0394
2384, 11.6544
2385, 11.5243
2386, 11.6344
2387, 11.5948
2388, 11.4692
2389, 11.5688
2390, 12.0228
2391, 11.8281
2392, 11.7491
2393, 11.5839
2394, 11.5084
2395, 11.5797
2396, 11.7191
2397, 12.2174
2398, 12.0364
2399, 11.6741
2400, 11.4753
2401, 11.6907
2402, 11.6946
2403, 11.5911
2404, 11.6174
2405, 12.232
2406, 11.6824
2407, 11.5647
2408, 11.5587
2409, 11.66
2410, 11.4794
2411, 11.6335
2412, 12.1515
2413, 12.0839
2414, 12.3363
2415, 12.1863
2416, 11.7751
2417, 11.6058
2418, 11.6106
2419, 12.1018
2420, 12.1232
2421, 11.7677
2422, 11.4717
2423, 11.6749
2424, 12.1
2425, 12.0023
2426, 11.7367
2427, 12.3794
2428, 11.8695
2429, 11.7017
2430, 11.7635
2431, 11.5256
2432, 11.4873
2433, 11.5116
2434, 12.3695
2435, 12.4051
2436, 12.3828
2437, 11.8643
2438, 11.5859
2439, 11.502
2440, 11.839
2441, 12.0733
2442, 12.1269
2443, 11.7404
2444, 11.6013
2445, 12.1295
2446, 12.1329
2447, 12.7099
2448, 12.4648
2449, 12.4234
2450, 12.2546
2451, 11.7647
2452, 12.0336
2453, 11.7087
2454, 11.7824
2455, 11.5592
2456, 12.0881
2457, 11.8294
2458, 11.6409
2459, 11.7705
2460, 11.6896
2461, 11.5969
2462, 12.1061
2463, 12.2362
2464, 12.0718
2465, 11.7417
2466, 11.5008
2467, 11.597
2468, 11.5003
2469, 11.7769
2470, 11.7201
2471, 12.4824
2472, 11.6363
2473, 11.524
2474, 11.7872
2475, 11.6198
2476, 11.6325
2477, 11.5056
2478, 12.0342
2479, 11.9549
2480, 11.5647
2481, 11.646
2482, 11.6017
2483, 11.6865
2484, 11.7
2485, 11.6758
2486, 12.1869
2487, 11.7914
2488, 11.6192
2489, 11.7947
2490, 11.6873
2491, 11.8137
2492, 11.5186
2493, 12.2566
2494, 11.8119
2495, 11.7716
2496, 11.7684
2497, 11.6549
2498, 11.6695
2499, 11.6902
2500, 12.0849
2501, 11.9664
2502, 11.6935
2503, 11.7235
2504, 12.2424
2505, 12.1743
2506, 11.7603
2507, 11.8736
2508, 12.3569
2509, 11.6091
2510, 11.5421
2511, 11.5837
2512, 11.5056
2513, 11.76
2514, 12.2182
2515, 12.5365
2516, 11.808
2517, 11.6577
2518, 11.8539
2519, 11.7439
2520, 11.7065
2521, 11.7406
2522, 11.9863
2523, 12.0532
2524, 12.1133
2525, 12.2538
2526, 12.1589
2527, 11.8887
2528, 11.6693
2529, 11.912
2530, 12.3184
2531, 11.8106
2532, 11.6642
2533, 11.7579
2534, 11.5248
2535, 12.1558
2536, 12.2584
2537, 13.1171
2538, 12.3406
2539, 11.7787
2540, 11.6435
2541, 11.4907
2542, 11.6851
2543, 11.7751
2544, 12.2688
2545, 12.0494
2546, 11.5759
2547, 11.8232
2548, 11.6294
2549, 11.6375
2550, 11.5969
2551, 11.8104
2552, 12.3143
2553, 11.604
2554, 11.753
2555, 11.6618
2556, 11.5242
2557, 11.7806
2558, 11.6435
2559, 12.5602
2560, 11.8444
2561, 11.7591
2562, 11.4168
2563, 11.6387
2564, 11.7646
2565, 11.7076
2566, 11.9621
2567, 12.0879
2568, 11.578
2569, 11.8341
2570, 11.8102
2571, 11.7918
2572, 11.754
2573, 11.9271
2574, 12.8564
2575, 11.7991
2576, 11.7079
2577, 11.7129
2578, 11.5048
2579, 11.7782
2580, 11.6738
2581, 12.4202
2582, 11.8155
2583, 11.6863
2584, 11.6242
2585, 11.6383
2586, 11.7554
2587, 11.6968
2588, 11.8801
2589, 12.1023
2590, 11.531
2591, 11.7365
2592, 11.7764
2593, 11.536
2594, 11.6152
2595, 11.6223
2596, 12.4394
2597, 11.8357
2598, 11.7762
2599, 11.7661
2600, 11.413
2601, 11.7428
2602, 11.5856
2603, 12.3695
2604, 12.3969
2605, 12.1865
2606, 11.5783
2607, 11.6825
2608, 11.8998
2609, 11.702
2610, 12.0433
2611, 12.2277
2612, 11.4817
2613, 11.7878
2614, 12.3256
2615, 12.0938
2616, 11.8291
2617, 11.5915
2618, 12.4411
2619, 11.7309
2620, 11.7943
2621, 11.6614
2622, 11.5665
2623, 11.6375
2624, 11.8726
2625, 13.0438
2626, 12.1005
2627, 11.9304
2628, 11.8167
2629, 11.5781
2630, 11.6032
2631, 11.5908
2632, 12.2762
2633, 12.1215
2634, 11.6965
2635, 12.1623
2636, 12.2672
2637, 12.5149
2638, 12.0778
2639, 12.0209
2640, 12.1359
2641, 11.5312
2642, 11.5737
2643, 11.7102
2644, 11.7897
2645, 11.7315
2646, 11.5676
2647, 12.3782
2648, 11.7666
2649, 11.8132
2650, 11.7576
2651, 11.5705
2652, 11.6624
2653, 11.6411
2654, 12.2284
2655, 12.0195
2656, 11.7259
2657, 11.6091
2658, 11.6513
2659, 11.8243
2660, 11.6415
2661, 11.6141
2662, 12.39
2663, 11.651
2664, 11.8084
2665, 11.6463
2666, 11.7679
2667, 11.7767
2668, 11.5818
2669, 12.4289
2670, 11.7914
2671, 11.8221
2672, 11.6765
2673, 11.7779
2674, 11.6474
2675, 11.7086
2676, 12.2918
2677, 12.048
2678, 11.6617
2679, 11.5972
2680, 11.4921
2681, 11.8335
2682, 11.5162
2683, 11.6491
2684, 12.3332
2685, 11.6172
2686, 11.7231
2687, 11.7222
2688, 11.6625
2689, 11.664
2690, 11.4892
2691, 12.272
2692, 11.8539
2693, 11.7483
2694, 11.6636
2695, 11.5843
2696, 11.7555
2697, 11.7109
2698, 11.6149
2699, 12.3603
2700, 11.5719
2701, 11.6648
2702, 11.649
2703, 11.8925
2704, 12.3351
2705, 12.2178
2706, 12.3315
2707, 11.9112
2708, 11.8559
2709, 11.8816
2710, 11.7988
2711, 11.8011
2712, 11.4845
2713, 12.2373
2714, 12.4607
2715, 12.0465
2716, 11.7018
2717, 11.6073
2718, 11.6901
2719, 11.801
2720, 11.814
2721, 12.2198
2722, 11.7311
2723, 11.679
2724, 12.1146
2725, 12.2529
2726, 12.2339
2727, 11.9359
2728, 12.3481
2729, 11.8666
2730, 11.6693
2731, 11.5551
2732, 11.7795
2733, 11.655
2734, 11.6128
2735, 12.6904
2736, 12.2691
2737, 12.641
2738, 12.121
2739, 11.8076
2740, 11.7391
2741, 11.549
2742, 11.8416
2743, 12.282
2744, 11.5257
2745, 11.7092
2746, 11.5116
2747, 11.6571
2748, 11.5745
2749, 11.6247
2750, 12.3964
2751, 11.8394
2752, 11.7159
2753, 11.7043
2754, 11.7739
2755, 11.7742
2756, 11.6109
2757, 12.0672
2758, 11.9883
2759, 11.9082
2760, 11.7577
2761, 11.597
2762, 11.7701
2763, 11.7516
2764, 11.7775
2765, 12.4988
2766, 11.7957
2767, 11.7717
2768, 11.5939
2769, 11.6258
2770, 11.6197
2771, 11.6091
2772, 12.1987
2773, 11.8967
2774, 11.6346
2775, 11.5222
2776, 11.6783
2777, 11.7743
2778, 11.4184
2779, 11.5756
2780, 12.3474
2781, 11.782
2782, 11.7192
2783, 11.4985
2784, 11.5835
2785, 11.5766
2786, 11.7816
2787, 12.3797
2788, 12.2298
2789, 11.8011
2790, 11.6044
2791, 11.8419
2792, 11.695
2793, 12.2178
2794, 12.2115
2795, 12.1357
2796, 11.6552
2797, 11.6056
2798, 11.7777
2799, 11.8
2800, 11.5215
2801, 11.8151
2802, 12.3541
2803, 11.886
2804, 11.7297
2805, 11.7192
2806, 11.6005
2807, 11.6605
2808, 11.6966
2809, 12.1085
2810, 11.9238
2811, 11.6769
2812, 11.549
2813, 11.7999
2814, 12.4655
2815, 12.4041
2816, 12.0436
2817, 12.1268
2818, 11.9589
2819, 11.6183
2820, 11.8116
2821, 11.7346
2822, 11.7357
2823, 11.7939
2824, 12.6413
2825, 12.0307
2826, 11.6603
2827, 11.7693
2828, 11.7362
2829, 11.6578
2830, 11.7669
2831, 12.2611
2832, 12.0968
2833, 11.6818
2834, 12.1958
2835, 12.2954
2836, 12.0025
2837, 11.9389
2838, 12.2339
2839, 12.1679
2840, 11.6122
2841, 11.5438
2842, 11.7219
2843, 11.7253
2844, 11.8539
2845, 12.3141
2846, 12.5518
2847, 12.5629
2848, 11.9648
2849, 11.9372
2850, 11.743
2851, 11.7616
2852, 11.7251
2853, 12.2988
2854, 11.829
2855, 11.7259
2856, 11.7776
2857, 11.7822
2858, 11.5593
2859, 11.6924
2860, 12.1624
2861, 12.1013
2862, 11.6904
2863, 11.7813
2864, 11.6863
2865, 11.7742
2866, 11.814
2867, 11.8531
2868, 12.2579
2869, 11.854
2870, 11.6396
2871, 12.0229
2872, 11.6562
2873, 11.8228
2874, 11.6734
2875, 12.2394
2876, 11.7727
2877, 11.6996
2878, 11.6791
2879, 11.7721
2880, 11.5917
2881, 11.7228
2882, 12.1031
2883, 12.1177
2884, 11.802
2885, 11.5599
2886, 11.4736
2887, 11.759
2888, 11.8064
2889, 11.7477
2890, 12.2373
2891, 11.7243
2892, 11.597
2893, 11.7929
2894, 11.726
2895, 11.5721
2896, 11.5907
2897, 12.2376
2898, 12.1479
2899, 11.6988
2900, 11.6851
2901, 11.6837
2902, 11.5753
2903, 11.8192
2904, 12.4607
2905, 12.7327
2906, 11.7002
2907, 11.5988
2908, 11.7193
2909, 11.6223
2910, 11.8507
2911, 11.6175
2912, 12.2765
2913, 11.7975
2914, 12.1873
2915, 12.1675
2916, 11.7501
2917, 11.9735
2918, 11.6572
2919, 12.2633
2920, 11.9886
2921, 11.6322
2922, 11.6706
2923, 11.8147
2924, 12.0203
2925, 12.2739
2926, 12.5416
2927, 12.2381
2928, 11.8282
2929, 11.7854
2930, 11.6882
2931, 11.5951
2932, 11.777
2933, 11.8968
2934, 12.6085
2935, 13.0622
2936, 12.2629
2937, 12.2981
2938, 12.201
2939, 11.9512
2940, 11.8209
2941, 12.3039
2942, 11.6532
2943, 11.713
2944, 11.5868
2945, 11.7042
2946, 11.7654
2947, 11.8261
2948, 12.247
2949, 11.9492
2950, 11.6149
2951, 11.8707
2952, 11.6416
2953, 11.7557
2954, 11.6358
2955, 11.6747
2956, 12.4599
2957, 11.7062
2958, 11.6519
2959, 11.4136
2960, 11.4989
2961, 12.0837
2962, 11.7998
2963, 12.5744
2964, 11.9107
2965, 11.6766
2966, 11.6625
2967, 11.6972
2968, 11.7082
2969, 11.705
2970, 12.0181
2971, 12.1103
2972, 11.6376
2973, 11.8252
2974, 11.6833
2975, 11.707
2976, 11.5808
2977, 11.6591
2978, 12.4613
2979, 11.8121
2980, 11.543
2981, 11.7628
2982, 11.579
2983, 11.9108
2984, 11.715
2985, 12.1829
2986, 11.8289
2987, 11.5234
2988, 11.7629
2989, 11.8281
2990, 12.1143
2991, 11.8267
2992, 11.733
2993, 12.3305
2994, 11.6102
2995, 11.7837
2996, 11.7495
2997, 11.6391
2998, 11.5747
2999, 11.477
3000, 12.3736
3001, 12.0356
3002, 11.5801
3003, 11.8191
3004, 11.6402
3005, 11.8158
3006, 11.9065
3007, 12.3951
3008, 11.8287
3009, 11.8986
3010, 12.1415
3011, 11.8678
3012, 12.2911
3013, 12.1219
3014, 12.3733
3015, 11.568
3016, 11.5854
3017, 11.7725
3018, 11.7348
3019, 12.6743
3020, 12.2896
3021, 12.0279
3022, 11.7613
3023, 11.4974
3024, 11.6956
3025, 11.7713
3026, 12.5602
3027, 11.856
3028, 11.8187
3029, 12.0048
3030, 12.2162
3031, 12.423
3032, 11.9987
3033, 12.3267
3034, 12.0075
3035, 11.886
3036, 11.6997
3037, 11.7098
3038, 11.7447
3039, 11.8082
3040, 12.5304
3041, 12.4993
3042, 12.2994
3043, 12.3936
3044, 11.5963
3045, 11.7755
3046, 11.7647
3047, 11.7254
3048, 12.2827
3049, 11.7687
3050, 11.7854
3051, 11.8543
3052, 11.8302
3053, 11.7678
3054, 11.5724
3055, 12.5261
3056, 11.9587
3057, 11.7656
3058, 11.7707
3059, 11.5705
3060, 11.6447
3061, 11.8021
3062, 12.4235
3063, 12.176
3064, 11.5239
3065, 11.7838
3066, 11.6176
3067, 11.8692
3068, 11.6696
3069, 11.8593
3070, 12.5759
3071, 11.7801
3072, 11.8526
3073, 11.7623
3074, 11.6075
3075, 11.5581
3076, 11.5618
3077, 12.391
3078, 11.9185
3079, 11.7014
3080, 11.7072
3081, 11.6211
3082, 11.6459
3083, 11.6529
3084, 12.1665
3085, 12.2067
3086, 11.6976
3087, 11.6107
3088, 11.6331
3089, 11.8538
3090, 11.8269
3091, 11.6707
3092, 12.3995
3093, 11.7437
3094, 11.723
3095, 11.8635
3096, 11.6976
3097, 11.7255
3098, 11.7063
3099, 12.4439
3100, 11.9375
3101, 11.7775
3102, 11.7457
3103, 11.5911
3104, 11.6693
3105, 11.7395
3106, 12.1163
3107, 12.1752
3108, 11.6134
3109, 11.7229
3110, 11.5341
3111, 11.8049
3112, 11.7211
3113, 11.6658
3114, 12.3845
3115, 11.7268
3116, 11.8049
3117, 11.783
3118, 11.6352
3119, 11.8579
3120, 12.0274
3121, 13.1421
3122, 12.5276
3123, 13.0603
3124, 12.4162
3125, 11.8184
3126, 11.7806
3127, 11.6897
3128, 12.3203
3129, 12.0813
3130, 11.8838
3131, 11.8173
3132, 11.6402
3133, 12.0525
3134, 12.0592
3135, 12.2865
3136, 12.125
3137, 11.7429
3138, 11.7088
3139, 11.6458
3140, 11.9865
3141, 11.8138
3142, 11.742
3143, 12.6105
3144, 12.1098
3145, 12.2784
3146, 12.0025
3147, 11.8694
3148, 11.7332
3149, 11.693
3150, 12.4456
3151, 11.993
3152, 11.8527
3153, 11.8379
3154, 11.9274
3155, 12.2901
3156, 12.2777
3157, 13.0115
3158, 12.1239
3159, 11.8728
3160, 11.7902
3161, 11.798
3162, 11.6659
3163, 11.6725
3164, 12.2574
3165, 12.3219
3166, 11.8152
3167, 11.7774
3168, 11.6718
3169, 11.8778
3170, 11.7751
3171, 11.766
3172, 12.4785
3173, 11.7887
3174, 11.7832
3175, 11.7537
3176, 11.7159
3177, 12.0887
3178, 11.6245
3179, 12.521
3180, 11.9907
3181, 12.1562
3182, 11.7562
3183, 11.4352
3184, 11.741
3185, 11.4965
3186, 12.0409
3187, 12.3294
3188, 11.7469
3189, 11.7313
3190, 11.6596
3191, 11.7159
3192, 11.6668
3193, 11.8868
3194, 12.4283
3195, 11.7508
3196, 11.6307
3197, 11.6004
3198, 11.7392
3199, 11.8738
3200, 11.6114
3201, 12.1532
3202, 11.8812
3203, 11.7418
3204, 11.5871
3205, 13.2281
3206, 13.0333
3207, 11.9579
3208, 12.0483
3209, 12.1836
3210, 11.8757
3211, 11.7524
3212, 11.4925
3213, 11.8181
3214, 11.6641
3215, 11.8486
3216, 12.3935
3217, 11.7636
3218, 11.6265
3219, 11.57
3220, 11.8748
3221, 11.8365
3222, 11.9741
3223, 12.583
3224, 12.0094
3225, 11.7929
3226, 11.7441
3227, 12.2649
3228, 11.8595
3229, 12.3502
3230, 12.7286
3231, 12.1959
3232, 11.8109
3233, 11.8319
3234, 11.6972
3235, 11.7453
3236, 11.7454
3237, 11.8215
3238, 12.6099
3239, 12.3596
3240, 11.8569
3241, 11.8394
3242, 11.6666
3243, 11.697
3244, 11.7832
3245, 12.4012
3246, 11.8743
3247, 11.8364
3248, 11.8805
3249, 12.5116
3250, 12.1418
3251, 12.2256
3252, 12.3007
3253, 11.8009
3254, 11.777
3255, 11.6863
3256, 11.6359
3257, 11.8274
3258, 11.5993
3259, 12.0566
3260, 12.6368
3261, 12.4776
3262, 12.5628
3263, 12.06
3264, 11.7822
3265, 11.8048
3266, 11.7868
3267, 12.3495
3268, 11.8231
3269, 11.8027
3270, 11.774
3271, 11.8357
3272, 11.5088
3273, 11.7966
3274, 12.2161
3275, 11.9118
3276, 11.7285
3277, 11.594
3278, 11.8623
3279, 11.8115
3280, 11.7924
3281, 12.0138
3282, 12.188
3283, 11.8046
3284, 11.6443
3285, 11.7518
3286, 11.7738
3287, 11.626
3288, 11.6877
3289, 12.3254
3290, 11.918
3291, 11.7525
3292, 11.6347
3293, 11.7091
3294, 11.575
3295, 11.646
3296, 12.1667
3297, 12.1527
3298, 11.6398
3299, 11.6404
3300, 11.8274
3301, 11.7561
3302, 11.6539
3303, 11.7827
3304, 12.253
3305, 11.814
3306, 11.7346
3307, 11.8229
3308, 11.7207
3309, 11.6484
3310, 11.5994
3311, 12.3185
3312, 12.006
3313, 11.6835
3314, 11.6259
3315, 11.711
3316, 11.6318
3317, 11.9176
3318, 11.8147
3319, 12.1249
3320, 11.7504
3321, 11.6418
3322, 11.7751
3323, 11.8248
3324, 11.6704
3325, 11.5324
3326, 12.2942
3327, 11.9933
3328, 11.7942
3329, 11.6693
3330, 11.6858
3331, 11.6346
3332, 11.8834
3333, 11.9942
3334, 12.0311
3335, 11.7499
3336, 11.5573
3337, 11.8467
3338, 11.9526
3339, 12.4262
3340, 12.1212
3341, 12.3615
3342, 11.8608
3343, 11.557
3344, 11.8995
3345, 11.8154
3346, 11.7591
3347, 11.8586
3348, 12.7633
3349, 12.2365
3350, 11.7541
3351, 11.8381
3352, 11.68
3353, 11.812
3354, 11.7521
3355, 12.2155
3356, 12.158
3357, 11.8293
3358, 11.9225
3359, 12.1988
3360, 12.1567
3361, 11.9984
3362, 12.1433
3363, 12.2395
3364, 11.7321
3365, 11.602
3366, 11.5138
3367, 11.8002
3368, 11.8276
3369, 12.1348
3370, 12.6833
3371, 12.4234
3372, 12.1897
3373, 11.7864
3374, 11.6975
3375, 11.8999
3376, 11.6584
3377, 12.2807
3378, 11.9033
3379, 11.7982
3380, 11.8849
3381, 11.8247
3382, 11.6821
3383, 11.6752
3384, 12.0809
3385, 12.2555
3386, 11.7409
3387, 11.5593
3388, 11.6008
3389, 11.6791
3390, 11.9185
3391, 11.7307
3392, 12.4893
3393, 11.8842
3394, 11.6158
3395, 11.7586
3396, 11.637
3397, 11.8918
3398, 11.7044
3399, 12.2753
3400, 12.1265
3401, 11.8454
3402, 11.9378
3403, 11.7023
3404, 11.5863
3405, 11.5912
3406, 12.0422
3407, 12.4612
3408, 11.8178
3409, 11.7295
3410, 11.6522
3411, 12.3321
3412, 12.2579
3413, 11.9724
3414, 12.6185
3415, 12.4417
3416, 11.9371
3417, 11.7603
3418, 11.5165
3419, 12.037
3420, 11.6065
3421, 12.6086
3422, 11.7327
3423, 11.743
3424, 12.0723
3425, 12.3236
3426, 12.4138
3427, 12.4313
3428, 12.3208
3429, 11.9738
3430, 11.7015
3431, 11.8353
3432, 11.6513
3433, 11.7988
3434, 11.7489
3435, 12.1036
3436, 12.1455
3437, 11.8927
3438, 11.8522
3439, 11.8048
3440, 11.7707
3441, 11.9029
3442, 11.6686
3443, 12.6805
3444, 11.8377
3445, 11.7864
3446, 11.8509
3447, 11.6727
3448, 11.9118
3449, 11.8396
3450, 12.4781
3451, 12.0601
3452, 11.6165
3453, 11.888
3454, 11.6978
3455, 11.822
3456, 11.5947
3457, 11.7985
3458, 12.2393
3459, 11.7973
3460, 11.8458
3461, 11.7481
3462, 11.6054
3463, 11.7001
3464, 11.6981
3465, 12.5778
3466, 11.7986
3467, 11.7389
3468, 11.7667
3469, 11.6187
3470, 11.8816
3471, 11.8993
3472, 12.3395
3473, 12.001
3474, 11.6104
3475, 11.7349
3476, 11.6772
3477, 11.7185
3478, 11.6433
3479, 11.729
3480, 12.3171
3481, 11.8212
3482, 11.7607
3483, 11.8648
3484, 11.6005
3485, 11.762
3486, 11.6602
3487, 12.6919
3488, 11.79
3489, 11.7339
3490, 11.6167
3491, 11.6338
3492, 11.8079
3493, 11.6892
3494, 12.1143
3495, 12.1665
3496, 11.5347
3497, 11.8312
3498, 11.7398
3499, 11.7862
3500, 11.7753
3501, 11.6088
3502, 12.3012
3503, 11.6428
3504, 11.7099
3505, 11.8092
3506, 11.6059
3507, 11.7817
3508, 11.7044
3509, 12.4078
3510, 12.0866
3511, 11.6885
3512, 11.7315
3513, 11.7018
3514, 11.814
3515, 11.8278
3516, 11.626
3517, 12.4218
3518, 11.5776
3519, 11.8491
3520, 11.786
3521, 12.3934
3522, 12.3796
3523, 11.757
3524, 12.416
3525, 11.9404
3526, 12.0485
3527, 11.9185
3528, 11.6525
3529, 11.7929
3530, 11.909
3531, 12.7431
3532, 12.0017
3533, 11.7848
3534, 11.7241
3535, 11.6438
3536, 11.8171
3537, 11.8099
3538, 11.9408
3539, 12.4322
3540, 11.8465
3541, 12.7251
3542, 12.1855
3543, 12.3369
3544, 11.8497
3545, 11.939
3546, 12.3598
3547, 11.7396
3548, 11.7626
3549, 11.7511
3550, 11.7578
3551, 12.0606
3552, 12.2774
3553, 12.8712
3554, 12.31
3555, 11.979
3556, 11.9273
3557, 12.5352
3558, 12.0388
3559, 11.7784
3560, 12.4524
3561, 11.8359
3562, 11.7694
3563, 11.6583
3564, 11.6149
3565, 11.8452
3566, 11.586
3567, 12.3766
3568, 12.1359
3569, 11.822
3570, 11.7072
3571, 11.6365
3572, 11.7984
3573, 11.7507
3574, 11.8349
3575, 12.4487
3576, 11.6653
3577, 11.8443
3578, 11.5766
3579, 11.8776
3580, 11.8075
3581, 11.8389
3582, 12.3177
3583, 12.0705
3584, 11.8621
3585, 11.8506
3586, 11.7175
3587, 11.5928
3588, 11.6065
3589, 12.2398
3590, 12.0838
3591, 11.9026
3592, 11.7187
3593, 11.6645
3594, 11.7859
3595, 11.6479
3596, 11.8468
3597, 12.4653
3598, 11.7902
3599, 11.7939
3600, 11.6843
3601, 11.8898
3602, 11.6763
3603, 11.6202
3604, 12.1992
3605, 11.9042
3606, 11.7721
3607, 11.6911
3608, 11.7445
3609, 11.7396
3610, 11.5471
3611, 12.0153
3612, 12.1532
3613, 11.8533
3614, 11.6641
3615, 11.6838
3616, 11.6179
3617, 11.7862
3618, 11.8485
3619, 12.5215
3620, 11.8978
3621, 11.6503
3622, 11.5604
3623, 11.8662
3624, 11.8263
3625, 11.6537
3626, 11.9981
3627, 12.243
3628, 11.7728
3629, 11.7639
3630, 12.3918
3631, 12.4192
3632, 11.7594
3633, 11.9298
3634, 12.3832
3635, 11.9473
3636, 11.8062
3637, 11.6058
3638, 11.6332
3639, 11.7827
3640, 12.4417
3641, 12.6865
3642, 11.8
3643, 11.8499
3644, 11.6994
3645, 12.5213
3646, 12.4771
3647, 12.6781
3648, 12.4526
3649, 12.3409
3650, 12.3798
3651, 12.2377
3652, 12.0872
3653, 11.8223
3654, 11.8239
3655, 12.2787
3656, 11.9768
3657, 11.8525
3658, 11.6391
3659, 12.0194
3660, 12.2023
3661, 12.5842
3662, 12.861
3663, 12.9432
3664, 12.3587
3665, 11.9385
3666, 11.8665
3667, 11.6187
3668, 11.6567
3669, 11.7389
3670, 12.2594
3671, 11.9808
3672, 11.7703
3673, 11.8358
3674, 11.7752
3675, 11.7307
3676, 11.9271
3677, 12.4867
3678, 11.9736
3679, 11.8054
3680, 11.6587
3681, 11.8985
3682, 11.7297
3683, 11.8695
3684, 12.3512
3685, 12.0835
3686, 11.7105
3687, 11.6908
3688, 11.8591
3689, 11.7697
3690, 11.7287
3691, 12.1056
3692, 12.0507
3693, 11.7597
3694, 11.6113
3695, 11.7592
3696, 11.6998
3697, 11.5996
3698, 11.6165
3699, 12.5115
3700, 11.8872
3701, 11.9106
3702, 11.6683
3703, 11.851
3704, 12.499
3705, 12.5785
3706, 12.8483
3707, 12.1763
3708, 11.8195
3709, 11.5144
3710, 11.7414
3711, 11.7152
3712, 11.827
3713, 12.1944
3714, 12.0888
3715, 12.1369
3716, 12.2379
3717, 12.5655
3718, 12.3594
3719, 11.7891
3720, 11.6573
3721, 12.3195
3722, 11.7785
3723, 11.7839
3724, 11.8066
3725, 11.8291
3726, 11.6695
3727, 11.7872
3728, 12.2823
3729, 11.9447
3730, 11.7953
3731, 11.6878
3732, 11.6441
3733, 11.7977
3734, 11.9757
3735, 12.1799
3736, 11.962
3737, 11.8917
3738, 11.641
3739, 11.7035
3740, 11.7562
3741, 11.8566
3742, 11.5456
3743, 12.3939
3744, 11.6857
3745, 11.75
3746, 11.8468
3747, 11.7932
3748, 11.7465
3749, 11.7214
3750, 12.267
3751, 12.0177
3752, 11.7458
3753, 11.7008
3754, 11.7042
3755, 11.6006
3756, 11.8082
3757, 12.0894
3758, 12.2063
3759, 11.9369
3760, 11.5685
3761, 11.8387
3762, 11.7436
3763, 11.9164
3764, 11.7771
3765, 12.3015
3766, 11.7284
3767, 11.5712
3768, 11.8433
3769, 11.83
3770, 11.6423
3771, 11.7419
3772, 12.1892
3773, 12.9169
3774, 11.6112
3775, 11.8796
3776, 11.8364
3777, 11.6969
3778, 11.832
3779, 12.235
3780, 12.2219
3781, 11.7843
3782, 11.7977
3783, 11.7917
3784, 11.5933
3785, 11.772
3786, 11.6617
3787, 12.2664
3788, 11.8679
3789, 11.6614
3790, 11.6569
3791, 11.8231
3792, 11.6568
3793, 11.6393
3794, 12.0545
3795, 12.2796
3796, 11.757
3797, 11.6823
3798, 11.7848
3799, 11.8098
3800, 11.832
3801, 11.7319
3802, 12.4123
3803, 11.7261
3804, 11.7672
3805, 12.0284
3806, 12.0113
3807, 11.9671
3808, 11.7218
3809, 12.4296
3810, 11.7164
3811, 11.6635
3812, 11.8802
3813, 11.7371
3814, 12.2957
3815, 12.1395
3816, 12.4656
3817, 12.2237
3818, 11.7762
3819, 11.9634
3820, 11.7662
3821, 11.7866
3822, 11.7256
3823, 12.2056
3824, 12.7167
3825, 12.0055
3826, 11.7205
3827, 11.7854
3828, 11.6027
3829, 11.868
3830, 11.7615
3831, 12.4347
3832, 11.7786
3833, 11.8957
3834, 12.1728
3835, 12.3144
3836, 12.3709
3837, 11.9065
3838, 12.3143
3839, 11.9975
3840, 11.6936
3841, 11.8113
3842, 11.6795
3843, 11.6487
3844, 11.9484
3845, 12.7111
3846, 12.481
3847, 12.4797
3848, 12.1321
3849, 11.8781
3850, 11.7018
3851, 11.6749
3852, 12.1688
3853, 12.1862
3854, 11.7779
3855, 11.8424
3856, 11.8441
3857, 11.6387
3858, 11.751
3859, 11.6541
3860, 13.0704
3861, 13.1434
3862, 12.4408
3863, 11.8782
3864, 11.646
3865, 11.7745
3866, 11.6936
3867, 12.4518
3868, 11.7617
3869, 11.6335
3870, 11.7499
3871, 11.8438
3872, 11.7862
3873, 11.7566
3874, 12.3731
3875, 11.9132
3876, 11.693
3877, 11.7138
3878, 11.622
3879, 11.8427
3880, 11.7833
3881, 12.5761
3882, 12.1223
3883, 11.7152
3884, 11.8611
3885, 11.8467
3886, 11.5832
3887, 11.8055
3888, 11.8691
3889, 12.3103
3890, 11.7614
3891, 11.8691
3892, 11.8441
3893, 11.707
3894, 11.7305
3895, 11.6658
3896, 12.5705
3897, 12.0193
3898, 11.7062
3899, 11.7572
3900, 11.6897
3901, 11.8226
3902, 11.751
3903, 12.2512
3904, 12.8212
3905, 12.4653
3906, 11.7539
3907, 11.7534
3908, 11.9656
3909, 11.6956
3910, 12.0434
3911, 12.3069
3912, 11.8348
3913, 12.3371
3914, 12.3929
3915, 12.1543
3916, 11.8492
3917, 11.8093
3918, 12.4484
3919, 11.7998
3920, 11.7536
3921, 11.9055
3922, 11.892
3923, 12.4984
3924, 12.1448
3925, 12.8493
3926, 11.8782
3927, 11.8112
3928, 11.8093
3929, 11.5779
3930, 11.7551
3931, 11.7717
3932, 12.4821
3933, 13.1137
3934, 12.6795
3935, 13.0133
3936, 12.6032
3937, 12.4148
3938, 11.6732
3939, 12.4011
3940, 12.0109
3941, 12.031
3942, 11.8369
3943, 11.749
3944, 11.9028
3945, 11.7832
3946, 12.3951
3947, 12.1709
3948, 11.7654
3949, 11.8622
3950, 11.6945
3951, 11.9174
3952, 11.802
3953, 11.6499
3954, 12.4166
3955, 11.7022
3956, 11.8431
3957, 11.7884
3958, 11.6466
3959, 11.7139
3960, 11.6552
3961, 12.5521
3962, 11.8301
3963, 11.7661
3964, 11.7673
3965, 11.6438
3966, 11.8319
3967, 11.7377
3968, 12.2008
3969, 11.9721
3970, 11.5919
3971, 11.8449
3972, 11.7139
3973, 11.8639
3974, 11.8066
3975, 11.744
3976, 12.2491
3977, 11.728
3978, 11.8136
3979, 11.8788
3980, 11.7079
3981, 11.6598
3982, 11.6068
3983, 12.4689
3984, 11.9019
3985, 11.8843
3986, 11.7611
3987, 11.63
3988, 11.9011
3989, 11.7867
3990, 12.3365
3991, 12.0958
3992, 11.6314
3993, 11.7937
3994, 11.7591
3995, 11.7938
3996, 11.7422
3997, 11.6656
3998, 12.5094
3999, 11.8404
4000, 11.8131
4001, 11.7185
4002, 11.9966
4003, 11.6741
4004, 12.6208
4005, 12.7697
4006, 11.692
4007, 11.8948
4008, 11.6873
4009, 11.9683
4010, 11.6627
4011, 11.658
4012, 12.5264
4013, 12.1618
4014, 12.2657
4015, 11.9219
4016, 11.7246
4017, 11.737
4018, 11.5306
4019, 12.578
4020, 11.8524
4021, 11.9222
4022, 11.8719
4023, 12.3125
4024, 12.1593
4025, 12.2383
4026, 12.3637
4027, 12.1092
4028, 11.7338
4029, 11.7564
4030, 11.6064
4031, 11.8467
4032, 11.7363
4033, 12.121
4034, 12.6607
4035, 12.2163
4036, 12.3867
4037, 12.4021
4038, 11.9395
4039, 11.9365
4040, 11.6393
4041, 12.4268
4042, 11.7238
4043, 11.86
4044, 11.9229
4045, 12.0396
4046, 11.7295
4047, 11.8901
4048, 12.3693
4049, 11.9749
4050, 11.9173
4051, 11.8596
4052, 11.7137
4053, 11.8359
4054, 11.6968
4055, 12.238
4056, 12.0268
4057, 11.8563
4058, 11.7831
4059, 11.65
4060, 11.9662
4061, 11.9656
4062, 11.6398
4063, 12.6776
4064, 11.8756
4065, 11.6919
4066, 11.7236
4067, 11.8898
4068, 11.7084
4069, 11.7683
4070, 12.3386
4071, 12.0294
4072, 11.7209
4073, 11.8276
4074, 11.6393
4075, 11.6656
4076, 11.873
4077, 12.3034
4078, 12.2828
4079, 11.8364
4080, 11.8448
4081, 11.658
4082, 11.7487
4083, 11.9269
4084, 11.8516
4085, 12.4528
4086, 11.6798
4087, 11.8167
4088, 11.6609
4089, 11.8919
4090, 11.7947
4091, 11.8085
4092, 12.266
4093, 12.2017
4094, 11.928
4095, 11.916
4096, 11.726
4097, 11.7782
4098, 11.5207
4099, 12.3989
4100, 12.2945
4101, 11.9352
4102, 11.8149
4103, 11.729
4104, 12.4581
4105, 12.2448
4106, 12.0724
4107, 12.4451
4108, 11.8011
4109, 11.8274
4110, 11.622
4111, 11.783
4112, 11.7854
4113, 12.146
4114, 12.7589
4115, 11.9685
4116, 11.7905
4117, 11.7812
4118, 11.9082
4119, 11.9452
4120, 11.7394
4121, 12.29
4122, 12.0092
4123, 12.3732
4124, 12.1724
4125, 12.4231
4126, 11.9859
4127, 11.7608
4128, 12.0936
4129, 12.3306
4130, 11.9051
4131, 11.7713
4132, 11.7763
4133, 11.714
4134, 12.2351
4135, 12.3863
4136, 12.9033
4137, 12.1397
4138, 11.6913
4139, 11.6503
4140, 11.7625
4141, 11.752
4142, 11.7832
4143, 12.4873
4144, 11.7555
4145, 11.7747
4146, 11.659
4147, 11.6843
4148, 11.6993
4149, 11.7173
4150, 12.1119
4151, 12.1537
4152, 11.7355
4153, 11.7863
4154, 11.7917
4155, 11.96
4156, 11.6719
4157, 11.6464
4158, 12.3159
4159, 11.9235
4160, 11.8229
4161, 11.6945
4162, 11.6519
4163, 11.8431
4164, 11.9019
4165, 12.4106
4166, 12.1336
4167, 11.8685
4168, 11.6459
4169, 11.8889
4170, 11.8258
4171, 11.9459
4172, 12.1526
4173, 12.2194
4174, 11.6895
4175, 11.7419
4176, 11.795
4177, 11.5999
4178, 11.5768
4179, 11.907
4180, 12.3206
4181, 11.9497
4182, 11.8179
4183, 11.7358
4184, 11.5476
4185, 11.454
4186, 11.8899
4187, 12.2547
4188, 12.0039
4189, 11.8367
4190, 11.5116
4191, 11.8295
4192, 11.6358
4193, 11.9003
4194, 11.9186
4195, 12.3592
4196, 11.7668
4197, 11.8151
4198, 11.6192
4199, 11.7507
4200, 11.66
4201, 11.7929
4202, 12.8986
4203, 12.1295
4204, 11.7125
4205, 11.7594
4206, 11.6176
4207, 11.8002
4208, 11.9349
4209, 12.2557
4210, 11.71
4211, 11.79
4212, 12.0747
4213, 12.342
4214, 12.424
4215, 12.0163
4216, 12.362
4217, 11.9361
4218, 11.6995
4219, 11.8387
4220, 11.7998
4221, 12.0729
4222, 12.303
4223, 12.5061
4224, 11.9791
4225, 11.762
4226, 12.0778
4227, 11.8074
4228, 11.7903
4229, 11.8773
4230, 12.2755
4231, 12.4812
4232, 12.3458
4233, 12.3952
4234, 12.0577
4235, 11.8415
4236, 11.7015
4237, 12.3833
4238, 12.2118
4239, 11.913
4240, 11.751
4241, 11.8947
4242, 12.274
4243, 12.4981
4244, 12.8173
4245, 12.3305
4246, 11.8983
4247, 11.8302
4248, 11.7863
4249, 11.9012
4250, 11.9889
4251, 12.4085
4252, 12.2772
4253, 11.8741
4254, 11.6589
4255, 11.9153
4256, 11.6819
4257, 12.059
4258, 12.4743
4259, 11.9928
4260, 11.8223
4261, 11.9454
4262, 11.7476
4263, 11.9534
4264, 12.5734
4265, 12.0136
4266, 11.6669
4267, 11.9203
4268, 11.7842
4269, 11.9662
4270, 12.0376
4271, 12.4819
4272, 11.7957
4273, 12.0867
4274, 11.7192
4275, 11.9093
4276, 12.0354
4277, 12.3021
4278, 12.218
4279, 11.9679
4280, 11.7774
4281, 11.9422
4282, 11.6904
4283, 12.0932
4284, 11.9414
4285, 12.4544
4286, 11.839
4287, 11.9514
4288, 11.8642
4289, 11.812
4290, 11.7283
4291, 11.8646
4292, 12.7
4293, 12.0421
4294, 11.8209
4295, 12.0465
4296, 11.8396
4297, 11.765
4298, 11.7888
4299, 12.3232
4300, 12.0447
4301, 11.7882
4302, 12.0704
4303, 11.9043
4304, 11.858
4305, 12.1839
4306, 12.0633
4307, 11.7763
4308, 11.8373
4309, 11.9805
4310, 12.3889
4311, 12.5604
4312, 11.9395
4313, 11.783
4314, 11.7578
4315, 11.8813
4316, 11.8001
4317, 11.8751
4318, 12.1101
4319, 12.1031
4320, 11.7614
4321, 12.0503
4322, 11.8582
4323, 11.8905
4324, 12.5532
4325, 12.5679
4326, 12.6036
4327, 11.9014
4328, 11.9371
4329, 11.9125
4330, 11.6903
4331, 11.9137
4332, 11.963
4333, 13.0866
4334, 12.2872
4335, 11.7727
4336, 11.7126
4337, 11.7719
4338, 11.8463
4339, 12.2921
4340, 12.0704
4341, 11.8879
4342, 12.3664
4343, 12.4812
4344, 12.3044
4345, 12.1399
4346, 11.9099
4347, 12.484
4348, 11.7848
4349, 12.012
4350, 11.8723
4351, 11.7417
4352, 11.9397
4353, 12.1305
4354, 12.8981
4355, 12.2271
4356, 12.4408
4357, 11.909
4358, 11.7635
4359, 11.7763
4360, 11.7182
4361, 12.6769
4362, 11.9369
4363, 11.7391
4364, 11.7994
4365, 11.8141
4366, 11.8803
4367, 11.8225
4368, 12.2901
4369, 12.1592
4370, 11.8096
4371, 11.7332
4372, 11.5969
4373, 11.8907
4374, 11.7464
4375, 11.8192
4376, 12.3615
4377, 11.8232
4378, 11.8133
4379, 11.8607
4380, 11.7761
4381, 11.7836
4382, 11.6851
4383, 12.6224
4384, 12.0817
4385, 11.8589
4386, 11.6686
4387, 11.7572
4388, 11.9595
4389, 11.7859
4390, 12.4096
4391, 12.2574
4392, 11.7651
4393, 11.6924
4394, 11.8551
4395, 11.9921
4396, 11.9153
4397, 12.1594
4398, 12.7299
4399, 12.4982
4400, 12.581
4401, 12.6256
1, 41.8279
1, 38.8271
1, 43.9671
1, 40.8072
2, 34.2776
3, 33.2328
4, 22.1294
5, 25.5868
6, 49.986
7, 24.6579
8, 30.8768
9, 29.4905
10, 22.497
11, 32.1489
12, 45.0045
13, 26.3497
14, 33.2227
15, 48.0644
16, 29.9738
17, 32.675
18, 40.6431
19, 25.1384
20, 34.1861
21, 32.1245
22, 23.2526
23, 23.586
24, 22.974
25, 23.1164
26, 23.7144
27, 23.533
28, 23.8449
29, 26.3904
30, 26.7139
31, 22.9193
32, 23.2207
33, 24.3699
34, 25.1561
35, 24.6506
36, 39.8057
37, 39.0083
38, 22.3744
39, 25.3488
40, 24.0012
41, 33.4273
42, 45.3412
43, 27.9918
44, 34.6323
45, 24.6
46, 22.6462
47, 24.1168
48, 23.802
49, 21.7211
50, 26.2259
51, 26.3999
52, 26.0826
53, 21.7257
54, 21.7828
55, 23.3568
56, 22.7652
57, 26.7993
58, 22.2131
59, 22.5638
60, 24.191
61, 22.7958
62, 21.8209
63, 23.3932
64, 22.0641
65, 24.8443
66, 24.0344
67, 23.4586
68, 22.6964
69, 23.8658
70, 21.9717
71, 23.7559
72, 23.1896
73, 21.0542
74, 22.0727
75, 21.7156
76, 23.4294
77, 24.4896
78, 24.5115
79, 24.7115
80, 24.0015
81, 27.7401
82, 26.4579
83, 26.1474
84, 24.3892
85, 24.3032
86, 23.8878
87, 25.6306
88, 24.7687
89, 24.59
90, 22.5885
91, 23.4325
92, 23.0498
93, 23.7601
94, 23.5409
95, 23.0838
96, 22.7927
97, 23.5724
98, 23.7298
99, 23.1614
100, 23.113
101, 22.7154
102, 24.501
103, 22.3283
104, 21.9011
105, 23.5327
106, 22.9683
107, 25.5348
108, 23.4291
109, 23.4652
110, 23.9457
111, 24.6347
112, 22.3316
113, 22.7265
114, 24.6455
115, 23.1882
116, 23.4768
117, 22.9373
118, 25.0408
119, 24.1249
120, 24.5225
121, 22.8486
122, 27.3887
123, 28.9779
124, 29.7225
125, 33.9504
126, 30.2523
127, 44.9987
128, 23.9447
129, 24.5301
130, 24.7506
131, 25.2627
132, 24.814
133, 23.1795
134, 22.2434
135, 24.2354
136, 24.7832
137, 28.202
138, 31.2526
139, 33.9613
140, 22.1614
141, 23.3718
142, 25.8433
143, 24.1125
144, 24.8689
145, 23.3535
146, 25.8784
147, 25.3289
148, 23.5734
149, 24.5565
150, 24.1476
151, 24.7763
152, 23.461
153, 28.1365
154, 27.8391
155, 32.2096
156, 51.4331
157, 22.9195
158, 23.7414
159, 25.0057
160, 22.2491
161, 24.3959
162, 21.7096
163, 23.2709
164, 23.7464
165, 22.9004
166, 23.2978
167, 23.5888
168, 23.4506
169, 23.3861
170, 23.6157
171, 22.8945
172, 23.1577
173, 24.8072
174, 22.8423
175, 22.2761
176, 24.168
177, 24.0713
178, 22.7615
179, 22.0176
180, 23.1881
181, 22.07
182, 23.5065
183, 24.9578
184, 24.4049
185, 22.989
186, 22.1957
187, 24.0977
188, 23.6485
189, 21.8351
190, 22.1637
191, 23.0621
192, 22.2391
193, 23.4684
194, 23.0638
195, 24.143
196, 21.8414
197, 26.0486
198, 24.0675
199, 21.4843
200, 24.2089
201, 25.6429
202, 26.2891
203, 24.0253
204, 25.7291
205, 24.5294
206, 24.8696
207, 25.3559
208, 25.0905
209, 25.9595
210, 25.3446
211, 26.0958
212, 25.3029
213, 25.0522
214, 24.3506
215, 23.129
216, 21.9613
217, 23.2607
218, 24.1088
219, 23.4221
220, 23.2005
221, 22.8804
222, 23.1183
223, 23.734
224, 22.8746
225, 23.1053
226, 24.8281
227, 23.6913
228, 23.5137
229, 24.5972
230, 29.4967
231, 24.4215
232, 22.4476
233, 24.131
234, 23.1979
235, 23.3375
236, 24.2296
237, 22.8041
238, 22.7172
239, 23.5736
240, 24.1552
241, 23.4406
242, 23.1662
243, 23.2193
244, 23.2224
245, 22.1351
246, 23.8761
247, 22.7812
248, 22.9754
249, 22.4019
250, 23.7614
251, 22.987
252, 23.3225
253, 24.6359
254, 22.6717
255, 24.5391
256, 24.1291
257, 24.9237
258, 23.0198
259, 24.2649
260, 24.0353
261, 24.5465
262, 21.425
263, 23.165
264, 25.2017
265, 23.9251
266, 22.7514
267, 23.3432
268, 24.37
269, 23.651
270, 24.0093
271, 23.4124
272, 24.2271
273, 23.1875
274, 23.4987
275, 23.4847
276, 24.6655
277, 22.7335
278, 23.8213
279, 22.2054
280, 24.4771
281, 23.269
282, 22.5564
283, 22.5672
284, 23.4446
285, 23.9177
286, 23.7159
287, 23.4423
288, 23.3504
289, 21.9832
290, 21.5891
291, 22.3669
292, 23.5472
293, 26.3566
294, 24.1754
295, 23.1378
296, 22.5191
297, 22.9727
298, 22.3339
299, 24.0054
300, 23.4311
301, 23.0994
302, 23.9859
303, 23.3043
304, 23.0256
305, 21.8542
306, 23.7658
307, 22.2631
308, 22.1695
309, 24.3934
310, 23.589
311, 23.6691
312, 24.8829
313, 22.4512
314, 23.6666
315, 23.516
316, 22.5811
317, 23.9163
318, 22.326
319, 24.1033
320, 23.0936
321, 23.5596
322, 23.5549
323, 22.6759
324, 23.5379
325, 23.1174
326, 22.6618
327, 24.7234
328, 24.4857
329, 24.3148
330, 24.1152
331, 22.7061
332, 23.3158
333, 23.5865
334, 23.3833
335, 23.8754
336, 23.6163
337, 23.2574
338, 23.7818
339, 23.8216
340, 25.6383
341, 25.0378
342, 23.2052
343, 23.3871
344, 22.3204
345, 21.6811
346, 23.8609
347, 23.3346
348, 22.4276
349, 22.9317
350, 23.181
351, 23.913
352, 23.4526
353, 23.6615
354, 23.2293
355, 24.586
356, 24.458
357, 22.2811
358, 23.4915
359, 23.3954
360, 24.052
361, 22.6829
362, 22.7935
363, 23.1014
364, 22.6201
365, 23.2921
366, 22.4787
367, 24.5576
368, 24.1067
369, 26.0283
370, 23.0696
371, 24.2195
372, 24.0288
373, 22.8364
374, 22.0807
375, 22.3324
376, 21.8859
377, 22.769
378, 23.6339
379, 23.1563
380, 25.0958
381, 23.1492
382, 22.512
383, 22.7506
384, 23.0028
385, 24.8358
386, 24.1105
387, 23.2777
388, 23.2441
389, 24.8191
390, 22.5206
391, 24.8176
392, 23.6981
393, 23.4526
394, 23.4265
395, 22.8472
396, 23.673
397, 23.6876
398, 23.5734
399, 24.2954
400, 27.0096
401, 23.378
402, 22.5921
403, 23.4758
404, 22.9071
405, 23.4237
406, 22.597
407, 23.3747
408, 23.0981
409, 23.7341
410, 23.5965
411, 22.8439
412, 24.7319
413, 24.5108
414, 24.618
415, 23.4363
416, 25.867
417, 23.4667
418, 23.0524
419, 23.4592
420, 20.9686
421, 23.8726
422, 24.5606
423, 23.8611
424, 23.9577
425, 22.7393
426, 24.6801
427, 22.8851
428, 24.034
429, 23.1662
430, 25.3952
431, 22.5002
432, 23.8839
433, 24.2294
434, 23.9145
435, 23.4858
436, 23.4581
437, 23.7738
438, 26.07
439, 27.7567
440, 28.9872
441, 27.2695
442, 24.441
443, 22.5614
444, 24.9184
445, 23.4536
446, 22.9286
447, 23.0911
448, 24.3417
449, 24.2079
450, 24.0526
451, 25.2417
452, 24.0801
453, 24.2628
454, 24.4599
455, 23.3699
456, 24.5886
457, 24.0623
458, 24.0858
459, 24.2504
460, 24.1847
461, 24.6344
462, 23.3527
463, 24.7277
464, 24.1842
465, 24.1021
466, 23.3287
467, 24.805
468, 23.0049
469, 24.3585
470, 24.5211
471, 25.2382
472, 23.8379
473, 23.6721
474, 23.5502
475, 24.4399
476, 23.8983
477, 25.3275
478, 24.7274
479, 24.9795
480, 24.2044
481, 24.2122
482, 24.7625
483, 24.577
484, 23.0281
485, 24.342
486, 22.7923
487, 22.2765
488, 25.4102
489, 23.9542
490, 24.3004
491, 23.3312
492, 23.4789
493, 23.3737
494, 22.9814
495, 24.1614
496, 23.7893
497, 24.1198
498, 23.9313
499, 26.3716
500, 23.5403
501, 24.7556
502, 24.6856
503, 24.0837
504, 23.9875
505, 23.6137
506, 23.2286
507, 23.8943
508, 23.9795
509, 25.0626
510, 25.1644
511, 23.9364
512, 25.2485
513, 23.4853
514, 23.0944
515, 22.7219
516, 23.8601
517, 23.8751
518, 26.4584
519, 23.018
520, 24.8771
521, 22.5402
522, 22.7593
523, 23.7118
524, 24.8345
525, 25.4465
526, 22.91
527, 23.147
528, 25.4471
529, 23.7322
530, 24.6687
531, 23.737
532, 25.2856
533, 24.5545
534, 26.1562
535, 23.5658
536, 23.3591
537, 25.1381
538, 23.097
539, 23.3084
540, 23.991
541, 24.5601
542, 23.0214
543, 26.4203
544, 23.5721
545, 24.128
546, 22.7923
547, 24.3672
548, 25.0891
549, 23.8401
550, 25.0957
551, 23.6814
552, 23.4276
553, 25.5843
554, 25.3037
555, 23.7551
556, 25.1757
557, 23.3471
558, 24.039
559, 23.7323
560, 22.7955
561, 24.156
562, 24.9862
563, 25.2625
564, 23.2799
565, 23.4061
566, 24.884
567, 25.2617
568, 28.9223
569, 26.6959
570, 24.1241
571, 27.7208
572, 27.2103
573, 26.2666
574, 23.5565
575, 24.8286
576, 24.8011
577, 24.0077
578, 25.0982
579, 25.5139
580, 25.3408
581, 24.2212
582, 25.6026
583, 24.5898
584, 24.0958
585, 27.2133
586, 22.7734
587, 24.9254
588, 23.815
589, 24.3154
590, 24.6981
591, 25.1823
592, 24.1903
593, 24.8993
594, 24.5842
595, 24.4624
596, 24.4914
597, 24.6175
598, 24.5078
599, 24.2723
600, 24.6467
601, 23.9976
602, 25.1473
603, 23.2665
604, 23.1638
605, 23.8509
606, 23.6767
607, 23.8044
608, 22.6863
609, 25.0049
610, 24.4224
611, 23.8523
612, 25.2096
613, 23.9572
614, 23.9066
615, 23.1561
616, 24.28
617, 24.1555
618, 24.3567
619, 23.8743
620, 24.3093
621, 23.8425
622, 24.2667
623, 24.9421
624, 23.4163
625, 24.506
626, 24.5724
627, 26.5082
628, 24.3161
629, 22.3843
630, 23.3592
631, 25.3891
632, 24.0588
633, 24.1417
634, 23.4887
635, 23.2356
636, 24.0033
637, 24.0477
638, 24.845
639, 22.4413
640, 24.8174
641, 24.3413
642, 24.222
643, 23.112
644, 23.7888
645, 23.2855
646, 23.7458
647, 23.9789
648, 24.0755
649, 24.1941
650, 22.1147
651, 22.9289
652, 23.0665
653, 23.4248
654, 23.5251
655, 23.6762
656, 23.9153
657, 23.6288
658, 24.0718
659, 23.4553
660, 24.0693
661, 24.2219
662, 24.0914
663, 23.5962
664, 24.693
665, 24.6626
666, 24.0528
667, 23.6186
668, 23.4237
669, 23.2016
670, 22.7615
671, 22.9908
672, 23.9061
673, 24.0226
674, 24.8254
675, 23.1098
676, 24.7985
677, 25.143
678, 23.2177
679, 23.4668
680, 23.4698
681, 23.5985
682, 25.4543
683, 24.0015
684, 24.0556
685, 23.2356
686, 25.1704
687, 23.1642
688, 23.2246
689, 24.3575
690, 24.9101
691, 25.1658
692, 25.1726
693, 23.0444
694, 22.9916
695, 23.2712
696, 23.8967
697, 23.9652
698, 22.8328
699, 24.1378
700, 25.14
701, 23.3237
1, 35.532
1, 36.2774
2, 34.2222
3, 20.1106
4, 28.8621
5, 35.5742
6, 37.2781
7, 22.7895
8, 22.1446
9, 23.7048
10, 22.0532
11, 21.714
12, 30.6136
13, 43.1593
14, 25.5301
15, 32.56
16, 22.0074
17, 28.9824
18, 22.7541
19, 23.9492
20, 31.4616
21, 35.2958
22, 28.5283
23, 25.6079
24, 29.7712
25, 35.9237
26, 28.8689
27, 22.4465
28, 36.8505
29, 25.5027
30, 24.1344
31, 22.4347
32, 27.7115
33, 26.321
34, 26.3607
35, 27.4194
36, 25.8338
37, 34.7712
38, 40.1572
39, 28.8195
40, 27.0785
41, 25.4877
42, 39.3663
43, 44.8531
44, 22.3575
45, 24.7728
46, 22.2526
47, 23.5624
48, 22.3327
49, 26.5229
50, 22.0458
51, 21.4454
52, 26.8963
53, 25.171
54, 26.2206
55, 27.691
56, 23.5833
57, 22.3321
58, 23.852
59, 21.7096
60, 22.9067
61, 23.1904
62, 25.7931
63, 23.4906
64, 23.753
65, 22.9895
66, 23.8066
67, 24.7822
68, 23.0694
69, 23.2136
70, 23.2532
71, 22.4184
72, 22.4067
73, 22.9519
74, 22.3603
75, 23.187
76, 24.0172
77, 23.7746
78, 22.4417
79, 22.8247
80, 22.0447
81, 23.9558
82, 28.6533
83, 26.7322
84, 24.1271
85, 23.3866
86, 22.7899
87, 24.9268
88, 23.8773
89, 24.2783
90, 22.7056
91, 22.7976
92, 22.3581
93, 22.4992
94, 24.3474
95, 24.2236
96, 24.0192
97, 24.7526
98, 23.7104
99, 23.4455
100, 22.9372
101, 23.2278
102, 24.451
103, 23.865
104, 22.7982
105, 23.1231
106, 23.2068
107, 23.7834
108, 22.9843
109, 24.5712
110, 22.3507
111, 22.9316
112, 23.6644
113, 22.8186
114, 25.5299
115, 23.3439
116, 23.4949
117, 24.5563
118, 24.3237
119, 24.7244
120, 24.2882
121, 24.2628
122, 24.0125
123, 28.605
124, 33.1006
125, 29.3233
126, 21.8532
127, 24.1506
128, 23.9582
129, 23.9359
130, 22.6872
131, 24.1334
132, 23.7857
133, 23.1204
134, 22.8198
135, 25.8267
136, 24.6913
137, 29.178
138, 31.0458
139, 35.178
140, 23.7364
141, 25.1939
142, 25.6654
143, 24.0206
144, 24.6081
145, 23.0684
146, 24.7871
147, 25.0162
148, 24.8305
149, 24.1725
150, 23.4418
151, 23.5839
152, 24.1265
153, 22.2086
154, 23.8681
155, 27.3284
156, 27.4228
157, 28.4264
158, 28.6845
159, 29.3279
160, 28.1779
161, 27.3076
162, 49.6683
163, 21.537
164, 23.6907
165, 22.9335
166, 25.2827
167, 23.728
168, 23.2292
169, 24.2586
170, 23.8707
171, 23.618
172, 24.2014
173, 23.6402
174, 23.8715
175, 24.117
176, 23.9297
177, 23.6975
178, 23.4038
179, 23.4663
180, 23.1303
181, 23.7882
182, 23.4691
183, 23.8302
184, 27.4742
185, 22.3004
186, 22.8607
187, 23.6712
188, 24.2712
189, 24.4226
190, 23.5218
191, 23.7909
192, 23.7056
193, 24.1235
194, 23.5747
195, 23.8379
196, 23.144
197, 23.188
198, 23.9539
199, 24.7021
200, 23.3
201, 23.0778
1, 34.6755
2, 32.9684
3, 27.2596
4, 28.8625
5, 25.4841
6, 40.7919
7, 30.2759
8, 22.1404
9, 22.3135
10, 31.2451
11, 27.4056
12, 35.2096
13, 43.3507
14, 22.8919
15, 35.013
16, 23.1668
17, 24.9521
18, 23.7815
19, 27.4712
20, 34.9421
21, 34.2225
22, 31.4539
23, 34.6959
24, 30.6576
25, 27.7568
26, 27.8495
27, 24.9539
28, 29.3687
29, 25.9033
30, 38.0345
31, 27.4453
32, 22.9114
33, 30.315
34, 27.5958
35, 25.4323
36, 24.4514
37, 36.6665
38, 42.5253
39, 27.9611
40, 26.6107
41, 27.4121
42, 38.7767
43, 39.8784
44, 36.4778
45, 24.0923
46, 22.6312
47, 24.7835
48, 23.6159
49, 24.2675
50, 21.9481
51, 21.245
52, 24.0183
53, 27.3302
54, 25.5501
55, 25.0261
56, 24.8954
57, 22.6521
58, 23.9397
59, 22.2103
60, 23.9388
61, 24.6302
62, 26.028
63, 25.0323
64, 23.8224
65, 24.2448
66, 23.5207
67, 22.4043
68, 21.9548
69, 23.2029
70, 23.1208
71, 23.3927
72, 22.66
73, 22.5887
74, 22.511
75, 25.1813
76, 22.3044
77, 22.6392
78, 23.6733
79, 24.8709
80, 23.2227
81, 24.1158
82, 24.4495
83, 26.1057
84, 23.069
85, 23.3874
86, 27.9238
87, 24.8129
88, 24.703
89, 23.9978
90, 24.8542
91, 22.7677
92, 24.0256
93, 24.1112
94, 24.3356
95, 23.9497
96, 22.8007
97, 24.0726
98, 24.4498
99, 25.0312
100, 23.434
101, 23.271
1, 36.6025
2, 25.7076
3, 20.438
4, 26.7819
5, 35.1361
6, 25.8946
7, 31.8174
8, 22.4927
9, 20.506
10, 21.775
11, 22.0487
12, 22.3311
13, 35.5577
14, 32.0815
15, 22.9643
16, 39.2308
17, 22.7341
18, 22.6799
19, 21.8986
20, 24.4971
21, 22.8015
22, 24.3601
23, 22.0593
24, 21.6364
25, 22.0306
26, 23.2524
27, 22.6215
28, 25.5862
29, 25.1875
30, 23.0885
31, 24.5154
32, 33.4899
33, 29.6267
34, 32.24
35, 35.4101
36, 40.0283
37, 23.1248
38, 26.297
39, 31.9293
40, 46.0619
41, 24.8532
42, 23.813
43, 24.2325
44, 24.3974
45, 30.8544
46, 47.5064
47, 24.931
48, 26.3162
49, 23.9618
50, 27.1328
51, 26.8139
52, 29.6445
53, 30.9027
54, 29.9408
55, 28.6713
56, 34.1029
57, 41.6741
58, 40.3081
59, 25.2653
60, 25.2791
61, 25.7658
62, 23.9981
63, 25.7655
64, 24.8997
65, 28.7063
66, 30.3642
67, 25.8022
68, 30.3952
69, 23.3041
70, 23.5207
71, 23.6447
72, 22.3248
73, 24.0621
74, 21.2192
75, 23.1805
76, 23.9351
77, 23.2237
78, 21.4783
79, 24.4204
80, 25.2725
81, 23.515
82, 24.3301
83, 23.1581
84, 24.3316
85, 29.854
86, 28.6932
87, 25.2523
88, 24.1038
89, 23.2299
90, 23.4566
91, 26.5787
92, 24.8834
93, 22.9277
94, 23.7678
95, 21.9135
96, 25.7333
97, 23.1366
98, 23.3701
99, 22.2909
100, 22.2447
101, 23.8317
102, 23.7192
103, 24.0441
104, 23.0798
105, 23.4636
106, 23.589
107, 23.0533
108, 23.9136
109, 24.0513
110, 24.235
111, 22.7165
112, 25.2089
113, 22.8368
114, 23.5386
115, 21.14
116, 25.1858
117, 27.3619
118, 29.4986
119, 29.2251
120, 29.7654
121, 30.6161
122, 45.9206
123, 24.4942
124, 23.1721
125, 23.0111
126, 24.3933
127, 25.5342
128, 24.8681
129, 23.396
130, 23.8942
131, 24.9296
132, 25.2137
133, 24.0369
134, 29.353
135, 33.6877
136, 50.6328
137, 23.2971
138, 26.9469
139, 25.2237
140, 23.6186
141, 24.6497
142, 23.8008
143, 23.3491
144, 26.7283
145, 24.3621
146, 24.3228
147, 22.7602
148, 26.4844
149, 31.4511
150, 30.3031
151, 53.4447
152, 24.8539
153, 24.0867
154, 25.1353
155, 23.5062
156, 22.9046
157, 23.7154
158, 24.068
159, 25.4167
160, 24.4523
161, 24.055
162, 23.9639
163, 22.7478
164, 24.3971
165, 23.0095
166, 23.4669
167, 24.7617
168, 24.4004
169, 24.5219
170, 23.3762
171, 23.414
172, 24.6847
173, 21.241
174, 23.3548
175, 23.0317
176, 24.581
177, 21.8633
178, 24.7362
179, 23.2894
180, 24.4828
181, 22.0654
182, 23.4378
183, 23.1132
184, 24.2328
185, 23.4189
186, 23.1131
187, 24.0593
188, 24.9043
189, 23.4251
190, 23.8692
191, 21.4764
192, 24.5267
193, 22.1061
194, 23.6155
195, 22.272
196, 22.9934
197, 22.4102
198, 23.9603
199, 21.1784
200, 23.048
201, 23.947
202, 23.4145
203, 22.7393
204, 21.5022
205, 22.2678
206, 22.0304
207, 22.6396
208, 21.6309
209, 22.7749
210, 22.47
211, 22.1957
212, 21.6705
213, 22.0076
214, 22.4778
215, 21.8657
216, 23.5088
217, 22.001
218, 26.7641
219, 22.3894
220, 24.4343
221, 21.6741
222, 23.6429
223, 23.0087
224, 22.7455
225, 22.7675
226, 23.0712
227, 24.0669
228, 24.4805
229, 22.8695
230, 23.1465
231, 23.5208
232, 23.8836
233, 22.887
234, 22.9644
235, 20.5787
236, 22.6486
237, 22.37
238, 22.6373
239, 24.8088
240, 21.8353
241, 22.4947
242, 21.1865
243, 22.3811
244, 21.77
245, 25.1271
246, 23.0821
247, 23.6102
248, 23.267
249, 22.4545
250, 23.3102
251, 22.1432
252, 23.2678
253, 21.9668
254, 23.0644
255, 23.5974
256, 24.4241
257, 24.4661
258, 24.2958
259, 20.7427
260, 22.3849
261, 23.0987
262, 24.7188
263, 23.5071
264, 23.6627
265, 22.0991
266, 23.717
267, 23.5866
268, 22.5082
269, 23.437
270, 22.5227
271, 22.7799
272, 24.2182
273, 23.131
274, 23.3273
275, 21.64
276, 23.1684
277, 21.7991
278, 22.9754
279, 23.2916
280, 23.467
281, 22.2852
282, 21.549
283, 23.1163
284, 24.2881
285, 21.7359
286, 22.2701
287, 23.5424
288, 24.192
289, 22.6124
290, 23.3821
291, 24.0418
292, 23.9852
293, 22.2858
294, 23.372
295, 23.1058
296, 24.4677
297, 22.946
298, 24.0133
299, 23.8221
300, 22.9283
301, 22.8053
302, 24.4575
303, 22.5637
304, 24.0307
305, 23.6192
306, 23.8999
307, 23.7154
308, 22.5266
309, 23.1957
310, 23.2201
311, 23.2401
312, 24.5137
313, 22.8699
314, 23.1608
315, 21.7325
316, 23.1347
317, 22.9872
318, 23.3854
319, 23.7756
320, 21.9946
321, 22.5337
322, 23.6352
323, 23.932
324, 24.1991
325, 23.1819
326, 24.428
327, 23.5168
328, 23.2908
329, 24.6528
330, 24.611
331, 22.8154
332, 24.3413
333, 23.4859
334, 23.6589
335, 22.17
336, 23.6568
337, 24.2669
338, 23.5127
339, 23.2333
340, 24.306
341, 23.1419
342, 23.2033
343, 22.4568
344, 22.7841
345, 21.4293
346, 24.1263
347, 22.8617
348, 23.5305
349, 22.2798
350, 24.2585
351, 23.2833
352, 23.9478
353, 24.2953
354, 23.9154
355, 23.5245
356, 24.3362
357, 23.3424
358, 23.74
359, 23.1277
360, 24.1413
361, 23.2933
362, 24.1086
363, 24.148
364, 24.1191
365, 23.3089
366, 24.3832
367, 23.2075
368, 24.7161
369, 23.3873
370, 23.4366
371, 24.2439
372, 24.0169
373, 23.0224
374, 25.2962
375, 24.8209
376, 23.5656
377, 23.5137
378, 23.5019
379, 22.9524
380, 24.3484
381, 23.1853
382, 24.423
383, 24.3187
384, 24.0972
385, 23.0612
386, 23.7583
387, 23.9901
388, 24.202
389, 23.0915
390, 23.9998
391, 24.5842
392, 23.1195
393, 23.6985
394, 23.3253
395, 24.2051
396, 22.6018
397, 23.4884
398, 24.1871
399, 23.2508
400, 24.4517
401, 22.6356
402, 24.3797
403, 22.9532
404, 23.9097
405, 24.0219
406, 24.3758
407, 24.4081
408, 24.2583
409, 23.188
410, 24.249
411, 24.0233
412, 23.4228
413, 25.2296
414, 23.9932
415, 24.1697
416, 24.6809
417, 22.4284
418, 25.3859
419, 23.6346
420, 23.9362
421, 26.8659
422, 32.6747
423, 22.993
424, 29.1919
425, 31.4479
426, 23.513
427, 22.3586
428, 22.5512
429, 28.7122
430, 24.215
431, 27.3928
432, 22.8882
433, 23.0899
434, 24.1728
435, 24.0463
436, 23.5223
437, 23.4997
438, 23.6146
439, 24.4147
440, 22.9417
441, 24.6792
442, 25.3383
443, 23.3811
444, 23.8385
445, 23.1949
446, 24.6594
447, 23.7202
448, 22.0306
449, 24.6592
450, 24.3108
451, 23.5901
452, 24.1619
453, 23.1161
454, 24.3612
455, 22.9557
456, 21.87
457, 24.4943
458, 22.9594
459, 23.0619
460, 24.7378
461, 23.4721
462, 24.0812
463, 23.1786
464, 23.7534
465, 23.6823
466, 23.5512
467, 24.6436
468, 23.8903
469, 23.0717
470, 24.5847
471, 23.8789
472, 23.3805
473, 22.0395
474, 23.8734
475, 25.0667
476, 24.7221
477, 24.1909
478, 24.3149
479, 23.4532
480, 24.9696
481, 22.2316
482, 23.4716
483, 23.0839
484, 25.6716
485, 25.0532
486, 24.0063
487, 23.5195
488, 25.8277
489, 24.7676
490, 23.1157
491, 24.5199
492, 23.3086
493, 24.2604
494, 24.6169
495, 23.5427
496, 24.0693
497, 22.2251
498, 24.2544
499, 25.0786
500, 23.8561
501, 23.3641
502, 25.0473
503, 23.6447
504, 25.2936
505, 24.3657
506, 22.879
507, 22.2618
508, 24.5261
509, 23.3562
510, 25.5285
511, 23.0136
512, 23.2013
513, 24.1685
514, 23.5959
515, 22.5457
516, 23.1362
517, 24.4506
518, 24.4645
519, 22.6488
520, 24.4567
521, 24.6717
522, 23.9892
523, 23.6149
524, 22.8879
525, 24.5529
526, 24.7283
527, 24.5868
528, 22.7302
529, 24.6353
530, 23.541
531, 23.08
532, 23.8131
533, 24.4948
534, 23.6277
535, 22.9443
536, 24.8313
537, 23.2287
538, 23.956
539, 22.0174
540, 22.6828
541, 23.991
542, 23.3031
543, 23.93
544, 24.1234
545, 23.5041
546, 24.086
547, 23.2319
548, 23.9718
549, 24.264
550, 22.9023
551, 23.8822
552, 23.0944
553, 23.0103
554, 24.0513
555, 23.0269
556, 23.7289
557, 24.0079
558, 24.6098
559, 24.7026
560, 24.3313
561, 24.6244
562, 24.0938
563, 22.7567
564, 24.4788
565, 24.588
566, 25.157
567, 23.4548
568, 22.9321
569, 23.202
570, 23.461
571, 23.8828
572, 24.4575
573, 23.4215
574, 22.6209
575, 22.5282
576, 25.0785
577, 24.022
578, 24.626
579, 22.4856
580, 23.2496
581, 24.3352
582, 24.2597
583, 21.454
584, 25.1785
585, 22.8885
586, 24.8135
587, 24.5545
588, 24.7865
589, 23.3719
590, 23.9031
591, 23.981
592, 23.6259
593, 23.2933
594, 23.0491
595, 24.4135
596, 24.9876
597, 23.5969
598, 22.9514
599, 22.332
600, 24.8104
601, 23.0637
602, 23.5708
603, 22.3869
604, 24.692
605, 24.3208
606, 22.864
607, 24.5501
608, 24.0442
609, 23.3469
610, 23.8266
611, 22.1443
612, 22.6519
613, 22.925
614, 22.8368
615, 22.9807
616, 23.1272
617, 22.3538
618, 23.776
619, 24.8321
620, 21.7529
621, 24.2093
622, 21.9049
623, 23.2056
624, 23.6942
625, 21.8427
626, 22.4881
627, 23.6034
628, 23.7705
629, 23.951
630, 24.8553
631, 23.7108
632, 24.7778
633, 22.3828
634, 24.5027
635, 23.4819
636, 25.1443
637, 23.839
638, 24.0647
639, 23.1143
640, 23.7854
641, 21.1497
642, 24.0931
643, 25.0387
644, 23.8945
645, 22.1752
646, 20.8922
647, 23.9138
648, 24.73
649, 23.7054
650, 22.4024
651, 23.1684
652, 23.6721
653, 23.7288
654, 22.5993
655, 21.5509
656, 23.4032
657, 21.6323
658, 23.0002
659, 22.2068
660, 22.8169
661, 24.1683
662, 24.4923
663, 22.3951
664, 23.3203
665, 25.0694
666, 22.5008
667, 23.317
668, 24.6425
669, 23.227
670, 22.744
671, 23.7968
672, 23.4333
673, 24.8967
674, 24.5031
675, 23.7077
676, 23.8283
677, 23.281
678, 22.6343
679, 22.5948
680, 25.0426
681, 23.7822
682, 24.1065
683, 21.7626
684, 25.2541
685, 23.6039
686, 25.3043
687, 22.0917
688, 25.6041
689, 23.3985
690, 23.6485
691, 23.3378
692, 23.9367
693, 24.379
694, 23.8008
695, 24.1005
696, 24.8012
697, 23.8517
698, 23.3471
699, 23.6416
700, 24.4128
701, 23.7163
702, 24.9689
703, 22.1855
704, 25.0866
705, 23.9226
706, 24.0166
707, 24.7397
708, 24.7584
709, 23.5356
710, 24.7262
711, 24.4414
712, 22.2379
713, 24.2822
714, 22.8841
715, 22.779
716, 24.6163
717, 23.8389
718, 25.2282
719, 22.1114
720, 23.6527
721, 24.4128
722, 22.9536
723, 23.858
724, 23.2013
725, 24.4709
726, 24.767
727, 24.1803
728, 24.0427
729, 24.5551
730, 23.7431
731, 23.8759
732, 24.4664
733, 23.3931
734, 23.4702
735, 23.6488
736, 24.0771
737, 25.2731
738, 23.8061
739, 24.616
740, 22.2158
741, 22.9211
742, 24.913
743, 24.8621
744, 23.3846
745, 24.8902
746, 23.4537
747, 25.2672
748, 22.4719
749, 24.3922
750, 24.6984
751, 23.4502
752, 23.8055
753, 23.6453
754, 23.7113
755, 24.8946
756, 22.8276
757, 23.1753
758, 25.0375
759, 24.2319
760, 24.2837
761, 24.3279
762, 23.1387
763, 24.5049
764, 23.9837
765, 24.5446
766, 23.9184
767, 22.7652
768, 25.2725
769, 22.4709
770, 22.4983
771, 22.9503
772, 24.337
773, 24.5012
774, 22.0909
775, 24.5146
776, 23.5118
777, 24.2465
778, 23.9806
779, 24.5399
780, 22.8251
781, 23.9991
782, 23.9094
783, 24.2627
784, 24.0751
785, 23.9838
786, 24.8751
787, 24.2847
788, 23.7579
789, 23.5826
790, 23.5603
791, 22.362
792, 25.9713
793, 23.568
794, 23.9534
795, 23.7046
796, 24.5382
797, 23.375
798, 25.8168
799, 24.5876
800, 24.09
801, 23.1193
802, 25.0776
803, 22.9762
804, 24.8382
805, 24.3778
806, 23.6198
807, 23.8819
808, 24.4526
809, 23.125
810, 24.0548
811, 25.6736
812, 23.6198
813, 23.5942
814, 23.8555
815, 24.187
816, 25.333
817, 24.3006
818, 25.668
819, 25.3476
820, 25.3422
821, 24.8531
822, 24.5518
823, 24.1439
824, 23.302
825, 23.3821
826, 23.8804
827, 23.8094
828, 24.1854
829, 23.6428
830, 23.3233
831, 24.6603
832, 24.0056
833, 23.3905
834, 24.4765
835, 23.6825
836, 24.7225
837, 21.2505
838, 24.3499
839, 23.955
840, 24.4531
841, 24.611
842, 24.6405
843, 24.4913
844, 23.1677
845, 24.116
846, 25.0642
847, 24.2334
848, 23.3428
849, 24.1251
850, 24.4989
851, 25.1516
852, 25.073
853, 24.4349
854, 24.1365
855, 24.1937
856, 24.0452
857, 22.9381
858, 24.4646
859, 24.3058
860, 23.983
861, 24.4951
862, 23.8512
863, 24.6009
864, 23.2148
865, 24.2318
866, 24.798
867, 23.7365
868, 24.8989
869, 22.7671
870, 23.707
871, 25.607
872, 24.4211
873, 23.2415
874, 24.8679
875, 23.8045
876, 23.7632
877, 24.8378
878, 25.1104
879, 24.245
880, 24.7509
881, 23.6713
882, 25.3231
883, 23.9077
884, 23.2305
885, 24.021
886, 23.2594
887, 23.8697
888, 25.2943
889, 24.3144
890, 24.8318
891, 24.6996
892, 25.3339
893, 23.5443
894, 24.7505
895, 24.1512
896, 23.0933
897, 24.6565
898, 24.2517
899, 24.419
900, 25.2718
901, 24.5329
902, 24.5428
903, 24.7709
904, 22.9993
905, 23.858
906, 24.4824
907, 24.1692
908, 24.201
909, 25.487
910, 24.5275
911, 23.2549
912, 23.8901
913, 23.1326
914, 23.0088
915, 23.554
916, 23.7209
917, 22.8867
918, 24.3664
919, 24.8483
920, 23.3191
921, 23.818
922, 24.0518
923, 23.1937
924, 25.1415
925, 25.0065
926, 24.5621
927, 23.7691
928, 23.4293
929, 24.1851
930, 24.8906
931, 25.7703
932, 23.2748
933, 23.8793
934, 24.4069
935, 24.1339
936, 24.7031
937, 24.5635
938, 23.6325
939, 23.9971
940, 24.038
941, 24.2656
942, 25.4663
943, 24.6114
944, 24.6196
945, 23.2433
946, 23.4074
947, 25.6053
948, 24.3717
949, 23.7583
950, 24.8963
951, 22.7513
952, 24.1161
953, 24.1904
954, 23.0525
955, 24.5412
956, 23.1916
957, 23.8135
958, 23.788
959, 23.8556
960, 23.866
961, 21.2669
962, 24.3342
963, 23.9695
964, 22.2586
965, 24.7892
966, 23.8936
967, 24.9492
968, 23.8579
969, 24.1648
970, 23.4609
971, 24.0398
972, 23.7
973, 25.2551
974, 24.7986
975, 24.7866
976, 25.3988
977, 23.4149
978, 24.3323
979, 24.7276
980, 23.2444
981, 25.1129
982, 24.7285
983, 23.0889
984, 24.041
985, 24.1811
986, 23.8717
987, 24.9831
988, 23.9658
989, 24.1712
990, 23.1633
991, 23.4108
992, 24.6086
993, 22.6353
994, 25.0518
995, 24.6694
996, 25.1874
997, 24.1523
998, 24.8783
999, 24.7866
1000, 24.34
1001, 25.0248
1002, 24.3105
1003, 24.3561
1004, 26.6437
1005, 25.4321
1006, 25.2581
1007, 23.7552
1008, 24.2781
1009, 24.1874
1010, 24.7789
1011, 23.3179
1012, 23.9852
1013, 25.4758
1014, 23.1649
1015, 23.2
1016, 24.4144
1017, 24.1232
1018, 24.7597
1019, 26.9946
1020, 24.8701
1021, 23.2679
1022, 25.9261
1023, 24.4354
1024, 24.2636
1025, 22.4563
1026, 25.1942
1027, 23.8328
1028, 25.1916
1029, 24.5162
1030, 25.4535
1031, 24.0723
1032, 25.0568
1033, 24.7058
1034, 25.4198
1035, 24.1275
1036, 24.5216
1037, 22.7741
1038, 23.8488
1039, 24.1847
1040, 24.9819
1041, 24.6194
1042, 23.6997
1043, 23.5511
1044, 26.2814
1045, 22.5759
1046, 24.2152
1047, 25.2249
1048, 24.9738
1049, 23.7317
1050, 24.1863
1051, 21.8306
1052, 25.0266
1053, 24.7778
1054, 22.7762
1055, 23.7716
1056, 25.8513
1057, 24.2184
1058, 25.0583
1059, 25.4687
1060, 23.9778
1061, 25.4009
1062, 23.9639
1063, 22.8851
1064, 24.5616
1065, 24.41
1066, 25.1131
1067, 25.763
1068, 23.4943
1069, 23.954
1070, 23.4116
1071, 24.0996
1072, 25.5244
1073, 22.3576
1074, 23.7518
1075, 24.3095
1076, 22.857
1077, 23.4447
1078, 23.2773
1079, 24.6721
1080, 23.9903
1081, 23.233
1082, 23.3909
1083, 24.0623
1084, 23.3496
1085, 25.0579
1086, 24.8307
1087, 22.9598
1088, 24.9108
1089, 24.4988
1090, 23.2342
1091, 24.7456
1092, 25.0756
1093, 22.6643
1094, 24.4268
1095, 23.308
1096, 24.8031
1097, 22.6591
1098, 24.3362
1099, 26.2034
1100, 23.3207
1101, 23.6371
1102, 24.3813
1103, 22.0945
1104, 25.4598
1105, 24.6745
1106, 24.5192
1107, 24.2143
1108, 25.0035
1109, 25.2709
1110, 23.9274
1111, 23.5197
1112, 23.1004
1113, 23.8736
1114, 23.808
1115, 21.912
1116, 25.2354
1117, 24.5803
1118, 26.2428
1119, 25.9544
1120, 26.1721
1121, 25.6429
1122, 25.8289
1123, 25.3164
1124, 26.2215
1125, 24.6838
1126, 26.9359
1127, 25.8094
1128, 26.5124
1129, 25.1942
1130, 25.1898
1131, 25.2108
1132, 22.7015
1133, 24.0483
1134, 25.6091
1135, 23.0713
1136, 26.6334
1137, 24.1191
1138, 24.0151
1139, 23.7249
1140, 24.7968
1141, 22.5951
1142, 24.9918
1143, 23.5451
1144, 24.8182
1145, 23.1303
1146, 22.2467
1147, 23.9437
1148, 24.8571
1149, 23.3943
1150, 23.4077
1151, 24.1745
1152, 26.7668
1153, 26.0265
1154, 25.227
1155, 24.5488
1156, 25.6801
1157, 25.1895
1158, 27.4802
1159, 25.158
1160, 25.5698
1161, 24.7055
1162, 25.5106
1163, 24.9232
1164, 25.9289
1165, 24.0355
1166, 25.1644
1167, 22.6662
1168, 24.6108
1169, 25.4571
1170, 24.8749
1171, 24.0982
1172, 24.694
1173, 24.5739
1174, 24.471
1175, 25.0742
1176, 24.4003
1177, 24.1235
1178, 24.1461
1179, 23.9416
1180, 24.9626
1181, 25.7891
1182, 24.8265
1183, 24.553
1184, 27.7596
1185, 22.0264
1186, 25.6147
1187, 25.4517
1188, 25.9497
1189, 23.0853
1190, 24.7609
1191, 23.6871
1192, 25.7192
1193, 23.4276
1194, 23.5012
1195, 23.8446
1196, 25.0034
1197, 24.7344
1198, 23.7634
1199, 24.1543
1200, 23.9689
1201, 24.8199
1202, 25.636
1203, 23.2582
1204, 22.5628
1205, 23.8564
1206, 25.2206
1207, 23.6592
1208, 24.4499
1209, 24.2878
1210, 24.0798
1211, 25.5969
1212, 24.0965
1213, 24.8163
1214, 23.7347
1215, 24.0691
1216, 22.7414
1217, 24.1606
1218, 25.7833
1219, 23.1089
1220, 22.2896
1221, 25.1846
1222, 25.1124
1223, 24.2655
1224, 24.8866
1225, 23.5214
1226, 23.3278
1227, 22.8459
1228, 23.73
1229, 25.2833
1230, 24.8838
1231, 24.1699
1232, 23.3006
1233, 22.2079
1234, 23.6283
1235, 23.3228
1236, 24.6811
1237, 25.564
1238, 24.0429
1239, 24.2807
1240, 22.7088
1241, 24.9249
1242, 25.0549
1243, 23.1895
1244, 24.9126
1245, 23.8553
1246, 24.4605
1247, 24.3482
1248, 23.6665
1249, 23.6648
1250, 25.9706
1251, 23.4521
1252, 24.5163
1253, 26.8979
1254, 25.9422
1255, 23.4994
1256, 24.6415
1257, 23.7005
1258, 25.2687
1259, 23.8439
1260, 24.0148
1261, 23.9263
1262, 26.6899
1263, 24.7182
1264, 22.501
1265, 24.8035
1266, 22.5121
1267, 24.2246
1268, 23.9902
1269, 23.4564
1270, 24.1204
1271, 25.3933
1272, 24.2494
1273, 24.1769
1274, 24.6352
1275, 21.6065
1276, 25.3594
1277, 22.8903
1278, 24.5337
1279, 24.7212
1280, 23.7296
1281, 23.9236
1282, 23.2957
1283, 24.3364
1284, 24.6494
1285, 24.1483
1286, 24.5952
1287, 25.7779
1288, 25.777
1289, 23.6072
1290, 25.4937
1291, 22.6177
1292, 24.8027
1293, 24.1337
1294, 24.5046
1295, 24.2707
1296, 24.9853
1297, 25.7393
1298, 24.5409
1299, 24.9119
1300, 23.0101
1301, 24.3496
1302, 25.1625
1303, 23.6393
1304, 24.5266
1305, 24.8978
1306, 24.2989
1307, 23.7299
1308, 24.2044
1309, 24.1877
1310, 24.7611
1311, 25.0473
1312, 23.5906
1313, 23.8539
1314, 24.418
1315, 23.9784
1316, 25.5964
1317, 24.6756
1318, 23.6543
1319, 24.574
1320, 24.3336
1321, 24.3761
1322, 25.1894
1323, 23.7635
1324, 23.8271
1325, 27.3955
1326, 26.5186
1327, 24.0721
1328, 24.0391
1329, 24.7156
1330, 23.9091
1331, 23.4373
1332, 24.741
1333, 23.2646
1334, 24.848
1335, 24.9353
1336, 24.4468
1337, 24.4
1338, 23.0322
1339, 24.0588
1340, 23.9615
1341, 23.5979
1342, 25.5308
1343, 23.7743
1344, 24.0161
1345, 24.9245
1346, 24.3873
1347, 25.0895
1348, 25.4775
1349, 23.0971
1350, 24.0559
1351, 25.0647
1352, 24.8086
1353, 24.993
1354, 25.008
1355, 23.0447
1356, 25.2455
1357, 24.8801
1358, 25.0175
1359, 24.5553
1360, 24.7623
1361, 23.6421
1362, 25.2612
1363, 26.133
1364, 23.3794
1365, 25.1765
1366, 25.4924
1367, 25.3095
1368, 24.2235
1369, 23.3056
1370, 24.62
1371, 24.8257
1372, 25.0982
1373, 24.2308
1374, 25.0818
1375, 22.8323
1376, 23.8454
1377, 24.4236
1378, 25.3226
1379, 24.2686
1380, 25.0424
1381, 24.5869
1382, 23.9806
1383, 24.4837
1384, 25.1513
1385, 23.9499
1386, 25.657
1387, 23.4383
1388, 24.0143
1389, 24.8507
1390, 23.7423
1391, 24.2141
1392, 26.1976
1393, 23.138
1394, 24.7768
1395, 23.4614
1396, 24.7391
1397, 25.0607
1398, 23.1783
1399, 24.0838
1400, 26.0714
1401, 25.7504
1402, 23.8398
1403, 23.6332
1404, 25.8408
1405, 24.2136
1406, 24.3561
1407, 25.0101
1408, 24.7452
1409, 24.0012
1410, 24.1311
1411, 23.3638
1412, 24.6316
1413, 25.2102
1414, 25.2425
1415, 24.0393
1416, 24.2979
1417, 24.2985
1418, 24.6255
1419, 23.6529
1420, 23.5266
1421, 25.1606
1422, 23.2337
1423, 25.0802
1424, 25.5322
1425, 23.3141
1426, 24.9149
1427, 23.0455
1428, 24.7752
1429, 23.2516
1430, 22.3967
1431, 23.8067
1432, 25.1021
1433, 24.377
1434, 26.2868
1435, 25.5675
1436, 23.8855
1437, 26.5739
1438, 24.9413
1439, 23.8563
1440, 24.5573
1441, 23.7713
1442, 23.1833
1443, 24.2458
1444, 23.6882
1445, 23.8625
1446, 23.6377
1447, 23.1869
1448, 24.876
1449, 21.578
1450, 25.1554
1451, 24.3418
1452, 25.3251
1453, 25.1063
1454, 25.1439
1455, 24.0048
1456, 25.2842
1457, 22.9578
1458, 24.4788
1459, 22.2006
1460, 25.0264
1461, 23.9857
1462, 25.2225
1463, 24.1881
1464, 24.3567
1465, 24.5824
1466, 24.3436
1467, 25.405
1468, 26.4268
1469, 24.7022
1470, 24.5986
1471, 24.6631
1472, 26.5773
1473, 24.6097
1474, 25.8204
1475, 24.3616
1476, 24.4054
1477, 24.161
1478, 25.0024
1479, 25.534
1480, 24.5869
1481, 23.9292
1482, 24.0664
1483, 23.9729
1484, 23.2019
1485, 24.0046
1486, 25.3984
1487, 24.168
1488, 24.827
1489, 22.9837
1490, 26.3626
1491, 23.6302
1492, 25.7061
1493, 24.8869
1494, 24.8976
1495, 25.6276
1496, 25.3311
1497, 24.1867
1498, 25.1448
1499, 25.3311
1500, 25.1039
1501, 24.572
1, 41.4859
2, 31.4157
3, 30.9889
4, 40.9646
5, 30.2505
6, 42.5204
7, 26.2864
8, 25.3386
9, 31.3107
10, 24.9326
11, 20.7907
12, 44.7202
13, 46.082
14, 22.7931
15, 48.0245
16, 26.0568
17, 24.2314
18, 26.5581
19, 25.4873
20, 22.0794
21, 25.2336
22, 27.5592
23, 25.4244
24, 27.733
25, 25.2885
26, 24.9992
27, 25.4296
28, 23.4558
29, 26.3968
30, 24.2179
31, 29.8794
32, 44.6812
33, 23.3489
34, 27.9033
35, 26.1088
36, 30.0683
37, 33.543
38, 62.0251
39, 25.1421
40, 25.0452
41, 24.7483
42, 26.6231
43, 50.3601
44, 32.3219
45, 23.8738
46, 30.8344
47, 24.3299
48, 22.6129
49, 29.9003
50, 26.0649
51, 25.4943
52, 23.3177
53, 21.2571
54, 24.0127
55, 24.4791
56, 31.1719
57, 23.2406
58, 24.7813
59, 24.4137
60, 23.6193
61, 23.1594
62, 22.3488
63, 21.1125
64, 19.9127
65, 22.7361
66, 20.2651
67, 23.4417
68, 21.1636
69, 21.2518
70, 20.4173
71, 21.2063
72, 20.9969
73, 22.2844
74, 25.3263
75, 22.1453
76, 19.2245
77, 21.6858
78, 20.6308
79, 21.0307
80, 21.8563
81, 20.8385
82, 23.6694
83, 23.7851
84, 21.5682
85, 21.4618
86, 21.5828
87, 21.7258
88, 22.026
89, 29.5072
90, 24.201
91, 21.9203
92, 21.8895
93, 20.1253
94, 21.4162
95, 32.3075
96, 23.2047
97, 22.6642
98, 22.9577
99, 22.7654
100, 22.6568
101, 22.3543
102, 28.6714
103, 26.475
104, 25.5869
105, 23.8224
106, 22.2359
107, 21.5537
108, 23.5951
109, 21.929
110, 21.8077
111, 21.9268
112, 22.9333
113, 21.4906
114, 24.8878
115, 23.4554
116, 23.469
117, 23.1843
118, 22.722
119, 21.1981
120, 24.4194
121, 23.1674
122, 21.4119
123, 24.8029
124, 22.3306
125, 32.3086
126, 31.9332
127, 20.0185
128, 23.2831
129, 23.8955
130, 24.6857
131, 23.8158
132, 25.2098
133, 23.8967
134, 23.2524
135, 23.2539
136, 24.0935
137, 25.8462
138, 26.6259
139, 35.0748
140, 56.8995
141, 22.1429
142, 22.9223
143, 22.3585
144, 22.4654
145, 21.287
146, 23.2283
147, 23.0911
148, 22.3284
149, 24.0773
150, 20.8962
151, 21.6947
152, 22.7726
153, 21.5928
154, 21.0811
155, 25.6946
156, 21.4285
157, 23.2433
158, 30.3702
159, 26.5734
160, 29.2561
161, 31.6947
162, 23.2627
163, 25.9477
164, 25.374
165, 23.6308
166, 59.2096
167, 23.5611
168, 20.7893
169, 23.7213
170, 22.2009
171, 20.2333
172, 22.9108
173, 22.1099
174, 19.9255
175, 21.909
176, 19.7546
177, 22.2733
178, 20.6342
179, 22.7938
180, 22.2144
181, 20.3088
182, 21.6464
183, 22.0971
184, 22.0405
185, 20.0763
186, 23.459
187, 22.3094
188, 21.1115
189, 22.9274
190, 21.7651
191, 22.2363
192, 20.7123
193, 21.8384
194, 21.7443
195, 21.9387
196, 23.8733
197, 22.3308
198, 22.4199
199, 21.2227
200, 21.9351
201, 22.9317
